date,new_orders,shipments,unfilled_orders,inventories,industrial_production,order_gap,book_to_bill,new_orders_mom_pct,shipments_mom_pct,new_orders_yoy_pct,shipments_yoy_pct,new_orders_3m_avg,shipments_3m_avg,order_gap_3m_avg,book_to_bill_3m,orders_12m_sum,shipments_12m_sum,book_to_bill_12m,backlog_change,backlog_mom_pct,backlog_yoy_pct,backlog_change_3m,backlog_change_12m,backlog_3m_avg,backlog_adjustment_residual,backlog_coverage_months,backlog_coverage_change_3m
1992-02-01,3411,3484,8656,7714,0.3629,-73,0.9790470723306544,,,,,,,,,,,,,,,,,,,,
1992-03-01,3711,3754,8613,7661,0.3675,-43,0.9885455514118274,8.795074758135435,7.74971297359357,,,,,,,,,,-43.0,-0.49676524953788936,,,,,0.0,,
1992-04-01,3745,3652,8706,7520,0.3725,93,1.0254654983570646,0.9161950956615428,-2.7171017581246626,,,3622.3333333333335,3630.0,-7.666666666666667,0.9978879706152434,,,,93.0,1.079763148728663,,,,8658.333333333334,0.0,2.3983471074380165,
1992-05-01,3735,3673,8768,7427,0.3777,62,1.0168799346583175,-0.2670226969292422,0.575027382256299,,,3730.3333333333335,3693.0,37.333333333333336,1.01010921563318,,,,62.0,0.7121525384792049,,112.0,,8695.666666666666,0.0,2.3742215001353912,
1992-06-01,3814,3701,8881,7585,0.3903,113,1.0305322885706565,2.115127175368148,0.7623196297304569,,,3764.6666666666665,3675.3333333333335,89.33333333333333,1.0243061853800108,,,,113.0,1.2887773722627838,,268.0,,8785.0,0.0,2.416379466715037,
1992-07-01,3690,3741,8830,7490,0.3998,-51,0.9863672814755412,-3.251179863660203,1.0807889759524514,,,3746.3333333333335,3705.0,41.333333333333336,1.0111560953666217,,,,-51.0,-0.5742596554442092,,124.0,,8826.333333333334,0.0,2.3832658569500675,-0.01508125048794895
1992-08-01,3962,3852,8940,7416,0.4037,110,1.0285565939771548,7.371273712737136,2.967121090617475,,,3822.0,3764.6666666666665,57.333333333333336,1.015229325305472,,,,110.0,1.245753114382775,,172.0,,8883.666666666666,0.0,2.3747122365857978,0.000490736450406537
1992-09-01,3850,3769,9021,7369,0.4115,81,1.0214911117007164,-2.826855123674909,-2.1547248182762213,,,3834.0,3787.3333333333335,46.66666666666666,1.0123217743355042,,,,81.0,0.9060402684563762,,140.0,,8930.333333333334,0.0,2.3818869917268084,-0.034492474988228494
1992-10-01,3741,3808,8954,7240,0.4232,-67,0.982405462184874,-2.831168831168829,1.0347572300344998,,,3851.0,3809.6666666666665,41.333333333333336,1.0108495931402572,,,,-67.0,-0.7427114510586419,,124.0,,8971.666666666666,0.0,2.3503368623676613,-0.03292899458240628
1992-11-01,4168,4080,9042,7034,0.4323,88,1.0215686274509803,11.414060411654647,7.14285714285714,,,3919.6666666666665,3885.6666666666665,34.0,1.0087501072317062,,,,88.0,0.9828009828009909,,102.0,,9005.666666666666,0.0,2.3270138114437677,-0.04769842514203004
1992-12-01,4484,3973,9553,7019,0.4328,511,1.128618172665492,7.5815738963531665,-2.622549019607845,,,4131.0,3953.6666666666665,177.33333333333334,1.04485287918388,,,,511.0,5.65140455651405,,532.0,,9183.0,0.0,2.416238091223337,0.034351099496528814
1993-01-01,3687,4070,9170,7009,0.4288,-383,0.905896805896806,-17.774308652988402,2.4414799899320494,,,4113.0,4041.0,72.0,1.017817371937639,45998.0,45557.0,1.0096801808723137,-383.0,-4.009211765937404,,216.0,,9255.0,0.0,2.269240287057659,-0.08109657531000236
1993-02-01,4136,4171,9135,7061,0.4334,-35,0.991608726923999,12.177922430160027,2.4815724815724804,21.25476399882733,19.718714121699183,4102.333333333333,4071.3333333333335,31.0,1.0076142131979695,46723.0,46244.0,1.0103581005103364,-35.0,-0.3816793893129722,5.533733826247689,93.0,479.0,9286.0,0.0,2.2437366955952185,-0.08327711584854924
1993-03-01,4419,4089,9465,7075,0.4375,330,1.0807043286867204,6.8423597678916925,-1.965955406377362,19.0784155214228,8.92381459776239,4080.6666666666665,4110.0,-29.33333333333333,0.9928629359286292,47431.0,46579.0,1.0182915047553618,330.0,3.6124794745484357,9.892023685127139,-88.0,852.0,9256.666666666666,0.0,2.302919708029197,-0.11331838319414
1993-04-01,4014,4210,9269,7039,0.4391,-196,0.9534441805225652,-9.164969450101834,2.9591587185130885,7.182910547396526,15.279299014238768,4189.666666666667,4156.666666666667,33.0,1.0079390537289494,47700.0,47137.0,1.0119439081825317,-196.0,-2.0707871104067577,6.466804502641854,99.0,563.0,9289.666666666666,0.0,2.2299117882919006,-0.03932849876575828
1993-05-01,4043,4130,9182,7269,0.444,-87,0.9789346246973366,0.7224713502740343,-1.9002375296912064,8.24631860776439,12.442145385243665,4158.666666666667,4143.0,15.666666666666666,1.0037814787995818,48008.0,47594.0,1.008698575450687,-87.0,-0.9386125795663003,4.7217153284671465,47.0,414.0,9305.333333333334,0.0,2.2162684045377747,-0.02746829105744375
1993-06-01,4081,4188,9075,7392,0.4523,-107,0.974450811843362,0.9398961167449872,1.4043583535108928,7.000524383848972,13.158605782221011,4046.0,4176.0,-130.0,0.9688697318007664,48275.0,48081.0,1.0040348578440548,-107.0,-1.165323458941403,2.184438689336776,-390.0,194.0,9175.333333333334,0.0,2.173132183908046,-0.12978752412115124
1993-07-01,4113,4195,8993,7513,0.4545,-82,0.9804529201430274,0.7841215388385114,0.1671442215854801,11.463414634146352,12.13579256883186,4079.0,4171.0,-92.0,0.9779429393430832,48698.0,48535.0,1.0033584011538066,-82.0,-0.9035812672176347,1.8459796149490337,-276.0,163.0,9083.333333333334,0.0,2.156077679213618,-0.07383410907828258
1993-08-01,4105,4178,8920,7586,0.4599,-73,0.982527525131642,-0.194505227327979,-0.4052443384982118,3.609288238263497,8.463136033229501,4099.666666666667,4187.0,-87.33333333333333,0.979141788074198,48841.0,48861.0,0.9995906755899389,-73.0,-0.8117424663627304,-0.22371364653244186,-262.0,-20.0,8996.0,0.0,2.130403630284213,-0.08586477425356165
1993-09-01,4125,4258,8787,7143,0.4631,-133,0.9687646782527009,0.4872107186357999,1.914791766395396,7.14285714285714,12.974263730432469,4114.333333333333,4210.333333333333,-96.0,0.977198954952102,49116.0,49350.0,0.995258358662614,-133.0,-1.491031390134534,-2.593947455936152,-288.0,-234.0,8900.0,0.0,2.0870081545404164,-0.08612402936762953
1993-10-01,4352,4272,8867,7183,0.4668,80,1.0187265917602997,5.5030303030302985,0.3287928604978951,16.332531408714246,12.184873949579831,4194.0,4236.0,-42.0,0.990084985835694,49727.0,49814.0,0.9982535030312764,80.0,0.9104358711733207,-0.9716327898146027,-126.0,-87.0,8858.0,0.0,2.093248347497639,-0.06282933171597893
1993-11-01,4048,4146,8769,7263,0.4708,-98,0.9763627592860588,-6.985294117647056,-2.94943820224719,-2.8790786948176605,1.6176470588235237,4175.0,4225.333333333333,-50.333333333333336,0.9880877248343328,49607.0,49880.0,0.9945268644747394,-98.0,-1.1052216082102162,-3.019243530192439,-151.0,-273.0,8807.666666666666,0.0,2.0753392237298836,-0.05506440655432954
1993-12-01,3980,4185,8564,7304,0.483,-205,0.951015531660693,-1.679841897233203,0.940665701881338,-11.239964317573593,5.336018122325692,4126.666666666667,4201.0,-74.33333333333333,0.9823058002063002,49103.0,50092.0,0.9802563283558253,-205.0,-2.337780818793478,-10.352768763739139,-223.0,-989.0,8733.333333333334,0.0,2.0385622470840277,-0.04844590745638877
1994-01-01,4373,4407,8530,7229,0.4985,-34,0.9922850011345586,9.87437185929647,5.304659498207887,18.60591266612421,8.28009828009828,4133.666666666667,4246.0,-112.33333333333331,0.9735437274297378,49789.0,50429.0,0.9873088897261496,-34.0,-0.397010742643622,-6.979280261723009,-337.0,-640.0,8621.0,0.0,2.0089495996231745,-0.08429874787446456
1994-02-01,4513,4429,8614,7248,0.5062,84,1.018965906525175,3.201463526183401,0.4992058089403173,9.115087040618963,6.185567010309279,4288.666666666667,4340.333333333333,-51.66666666666666,0.98809615236925,50166.0,50687.0,0.9897212302957366,84.0,0.9847596717467821,-5.703338806787084,-155.0,-521.0,8569.333333333334,0.0,1.9846401966054836,-0.09069902712439992
1994-03-01,4458,4246,8826,7263,0.5273,212,1.049929345266133,-1.218701528916466,-4.131858207270267,0.8825526137135054,3.839569576913671,4448.0,4360.666666666667,87.33333333333333,1.0200275187280232,50205.0,50844.0,0.9874321453858862,212.0,2.4611098212212745,-6.751188589540414,262.0,-639.0,8656.666666666666,0.0,2.0240024461091575,-0.014559800974870196
1994-04-01,4593,4415,9004,7291,0.5528,178,1.040317100792752,3.0282637954239577,3.9802166745172007,14.424514200298956,4.869358669833734,4521.333333333333,4363.333333333333,158.0,1.036210847975554,50784.0,51049.0,0.9948089090873474,178.0,2.0167686381146632,-2.858992340058264,474.0,-265.0,8814.666666666666,0.0,2.0635599694423226,0.05461036981914802
1994-05-01,4477,4546,8935,7326,0.5692,-69,0.9848218213814344,-2.5255824080121947,2.967157417893551,10.734603017561216,10.0726392251816,4509.333333333333,4402.333333333333,107.0,1.0243052926478382,51218.0,51465.0,0.9952006217817935,-69.0,-0.7663260772989733,-2.6900457416684787,321.0,-247.0,8921.666666666666,0.0,2.029605512228364,0.0449653156228802
1994-06-01,4402,4375,8962,7387,0.578,27,1.0061714285714285,-1.67522894795622,-3.761548614166299,7.865719186473896,4.465138490926446,4490.666666666667,4445.333333333333,45.333333333333336,1.0101979604079183,51539.0,51652.0,0.9978122821962363,27.0,0.30218242865136524,-1.2451790633608795,136.0,-113.0,8967.0,0.0,2.0160467906418718,-0.007955655467285716
1994-07-01,4557,4584,8935,7468,0.5934,-27,0.9941099476439792,3.521126760563376,4.777142857142858,10.795040116703136,9.272943980929682,4478.666666666667,4501.666666666667,-23.0,0.994890781192151,51983.0,52041.0,0.9988854941296286,-27.0,-0.3012720374916289,-0.6449460691649089,-69.0,-58.0,8944.0,0.0,1.9848204368752314,-0.07873953256709121
1994-08-01,4515,4581,8869,7513,0.61,-66,0.9855926653569088,-0.9216589861751112,-0.0654450261780126,9.987819732034108,9.645763523216845,4491.333333333333,4513.333333333333,-22.0,0.995125553914328,52393.0,52444.0,0.9990275341316451,-66.0,-0.7386681589255706,-0.5717488789237724,-66.0,-51.0,8922.0,0.0,1.9650664697193503,-0.06453904250901354
1994-09-01,4488,4387,8970,7730,0.631,101,1.023022566674265,-0.5980066445182675,-4.234883213272211,8.800000000000008,3.029591357444805,4520.0,4517.333333333333,2.6666666666666665,1.000590318772137,52756.0,52573.0,1.003480874212999,101.0,1.1387980606607284,2.0826220553089803,8.0,183.0,8924.666666666666,0.0,1.985684769775679,-0.030362020866192774
1994-10-01,4731,4719,8982,7646,0.6515,12,1.0025429116338207,5.414438502673802,7.567813995896966,8.708639705882359,10.46348314606742,4578.0,4562.333333333333,15.666666666666666,1.0034339153941698,53135.0,53020.0,1.0021689928328932,12.0,0.13377926421405117,1.296943723920152,47.0,115.0,8940.333333333334,0.0,1.9687294513041573,-0.016090985571074023
1994-11-01,4748,4508,9222,7832,0.6711,240,1.0532386867790595,0.3593320651025244,-4.471286289468113,17.292490118577074,8.731307284129276,4655.666666666667,4538.0,117.66666666666669,1.025929190539151,53835.0,53382.0,1.0084860065190513,240.0,2.6720106880427474,5.165925419089978,353.0,453.0,9058.0,0.0,2.0321727633318645,0.06710629361251419
1994-12-01,4811,4550,9483,8092,0.696,261,1.0573626373626377,1.3268744734625135,0.9316770186335476,20.879396984924625,8.721624850657106,4763.333333333333,4592.333333333333,171.0,1.0372359729984757,54666.0,53747.0,1.017098628760675,261.0,2.8301886792452935,10.730966837926204,513.0,919.0,9229.0,0.0,2.0649633447049434,0.07927857492926438
1995-01-01,4681,4658,9506,8273,0.7128,23,1.0049377415199656,-2.702140927042196,2.3736263736263696,7.043219757603469,5.695484456546396,4746.666666666667,4572.0,174.66666666666666,1.0382035578885973,54974.0,53998.0,1.018074743509019,23.0,0.24253928081829912,11.441969519343488,524.0,976.0,9403.666666666666,0.0,2.0791776027996502,0.11044815149549292
1995-02-01,4815,4687,9634,8440,0.7332,128,1.0273095796885,2.862636188848544,0.6225848003434953,6.691779304232215,5.825242718446599,4769.0,4631.666666666667,137.33333333333334,1.0296509535804246,55276.0,54256.0,1.018799764081392,128.0,1.3465179886387624,11.841188762479682,412.0,1020.0,9541.0,0.0,2.080028787333573,0.04785602400170852
1995-03-01,4516,4575,9575,8636,0.7641,-59,0.987103825136612,-6.209761163032191,-2.389588222743755,1.3010318528488218,7.748469147432879,4670.666666666667,4640.0,30.666666666666668,1.0066091954022989,55334.0,54585.0,1.0137217184208116,-59.0,-0.6124143657878389,8.486290505325167,92.0,749.0,9571.666666666666,0.0,2.0635775862068964,-0.0013857584980470072
1995-04-01,4685,4593,9667,8869,0.786,92,1.0200304811669934,3.7422497785650983,0.3934426229508236,2.0030481166993352,4.031710079275208,4672.0,4618.333333333333,53.66666666666666,1.0116203536629376,55426.0,54763.0,1.0121067143874514,92.0,0.9608355091383913,7.363394047090188,161.0,663.0,9625.333333333334,0.0,2.0931793576326236,0.01400175483297339
1995-05-01,4969,4687,9949,8972,0.8132,282,1.0601664177512269,6.061899679829241,2.0465926409753976,10.989501898592804,3.101627804663432,4723.333333333333,4618.333333333333,105.0,1.0227354745579214,55918.0,54904.0,1.018468599737724,282.0,2.9171407882486733,11.348628987129272,315.0,1014.0,9730.333333333334,0.0,2.154240346445327,0.07421155911175381
1995-06-01,4895,4786,10058,9076,0.8325,109,1.022774759715838,-1.489233246125976,2.112225304032433,11.199454793275777,9.394285714285711,4849.666666666667,4688.666666666667,161.0,1.0343381202900612,56411.0,55315.0,1.0198137937268372,109.0,1.0955874962307766,12.229413077438078,483.0,1096.0,9891.333333333334,0.0,2.1451727570027015,0.08159517079580514
1995-07-01,5159,5012,10205,9147,0.8408,147,1.0293296089385475,5.393258426966296,4.722106142916838,13.21044546850998,9.336823734729505,5007.666666666667,4828.333333333333,179.33333333333334,1.037141870900932,57013.0,55743.0,1.0227831297203236,147.0,1.4615231656393002,14.213766088416335,538.0,1270.0,10070.666666666666,0.0,2.1135657576803593,0.02038640004773562
1995-08-01,4745,4953,9997,9305,0.8831,-208,0.958005249343832,-8.024811009885635,-1.1771747805267352,5.094130675526021,8.120497707924024,4933.0,4917.0,16.0,1.0032540166768356,57243.0,56115.0,1.0201015771184176,-208.0,-2.0382165605095537,12.718457548765372,48.0,1128.0,10086.666666666666,0.0,2.0331502948952616,-0.12109005155006525
1995-09-01,5467,5074,10390,9279,0.9276,393,1.077453685455262,15.216016859852475,2.4429638602866843,21.813725490196067,15.659904262594026,5123.666666666667,5013.0,110.66666666666669,1.0220759358999931,58222.0,56802.0,1.0249991197493047,393.0,3.9311793538061357,15.83054626532887,332.0,1420.0,10197.333333333334,0.0,2.0726112108517856,-0.07256154615091592
1995-10-01,5215,5178,10427,9494,0.9531,37,1.00714561606798,-4.609475032010247,2.0496649586125404,10.230395265271609,9.726636999364269,5142.333333333333,5068.333333333333,74.0,1.0146004603748766,58706.0,57261.0,1.0252353259635703,37.0,0.35611164581328403,16.087731017590734,222.0,1445.0,10271.333333333334,0.0,2.057283788227557,-0.05628196945280228
1995-11-01,5138,5245,10320,9050,0.9781,-107,0.9795996186844614,-1.4765100671140896,1.293935882580155,8.21398483572031,16.348713398402847,5273.333333333333,5165.666666666667,107.66666666666669,1.020842743756856,59096.0,57998.0,1.018931687299562,-107.0,-1.0261820274287903,11.90631099544568,323.0,1098.0,10379.0,0.0,1.9978060269729625,-0.035344267922299055
1995-12-01,5233,5175,10378,9228,1.0278,58,1.011207729468599,1.848968470221868,-1.3346043851286904,8.77156516316775,13.736263736263732,5195.333333333333,5199.333333333333,-4.0,0.9992306705987948,59518.0,58623.0,1.0152670453576242,58.0,0.5620155038759789,9.437941579668884,-12.0,895.0,10375.0,0.0,1.9960251314271062,-0.07658607942467932
1996-01-01,5129,5005,10502,9953,1.0786,124,1.0247752247752249,-1.9873877317026607,-3.2850241545893666,9.570604571672714,7.449549162730795,5166.666666666667,5141.666666666667,25.0,1.004862236628849,59966.0,58970.0,1.016889944039342,124.0,1.1948352283676966,10.477593099095305,75.0,996.0,10400.0,0.0,2.0425283630470017,-0.014755425180555282
1996-02-01,4882,4947,10437,9849,1.1394,-65,0.9868607236709116,-4.815753558198477,-1.1588411588411618,1.3914849428868117,5.547258374226582,5081.333333333333,5042.333333333333,39.0,1.007734514444371,60033.0,59230.0,1.01355731892622,-65.0,-0.6189297276709249,8.33506331741749,117.0,803.0,10439.0,0.0,2.069875057843591,0.07206903087062844
1996-03-01,5007,5211,10233,9876,1.1712,-204,0.960852043753598,2.560426054895526,5.33656761673742,10.872453498671389,13.901639344262296,5006.0,5054.333333333333,-48.333333333333336,0.9904372485655872,60524.0,59866.0,1.0109912137106203,-204.0,-1.9545846507617148,6.872062663185385,-145.0,658.0,10390.666666666666,0.0,2.024599353689903,0.02857422226279671
1996-04-01,5129,5373,9989,9899,1.1973,-244,0.9545877535827284,2.4365887757139992,3.1088082901554515,9.47705442902882,16.982364467668187,5006.0,5177.0,-171.0,0.9669692872319876,60968.0,60646.0,1.0053095010388153,-244.0,-2.384442489983385,3.3309196234612592,-513.0,322.0,10219.666666666666,0.0,1.929495847015646,-0.11303251603135567
1996-05-01,5170,5238,9921,9946,1.2357,-68,0.9870179457808324,0.7993760967050179,-2.5125628140703515,4.045079492855708,11.755920631534034,5102.0,5274.0,-172.0,0.9673871824042471,61169.0,61197.0,0.9995424612317597,-68.0,-0.6807488237060788,-0.2814353201326725,-516.0,-28.0,10047.666666666666,0.0,1.8811149032992036,-0.18876015454438733
1996-06-01,5149,5285,9785,9822,1.2657,-136,0.9742667928098392,-0.4061895551257244,0.8972890416189427,5.1889683350357485,10.426243209360631,5149.333333333333,5298.666666666667,-149.33333333333334,0.9718168092601912,61423.0,61696.0,0.9955750778008299,-136.0,-1.3708295534724302,-2.7142573076158305,-448.0,-273.0,9898.333333333334,0.0,1.8466909914443885,-0.17790836224551443
1996-07-01,5180,5149,9816,9651,1.3083,31,1.0060205865216547,0.6020586521654714,-2.573320719016081,0.4070556309362372,2.733439744612931,5166.333333333333,5224.0,-57.66666666666666,0.9889612046962736,61444.0,61833.0,0.9937088609642101,31.0,0.3168114460909477,-3.8118569328760454,-173.0,-389.0,9840.666666666666,0.0,1.8790199081163859,-0.050475938899260164
1996-08-01,5140,5207,9749,9458,1.3579,-67,0.9871327059727292,-0.7722007722007707,1.1264323169547508,8.324552160168608,5.128205128205132,5156.333333333333,5213.666666666667,-57.333333333333336,0.9890032606610828,61839.0,62087.0,0.9960056050380917,-67.0,-0.6825590872045595,-2.480744223266984,-172.0,-248.0,9783.333333333334,0.0,1.8698932293331627,-0.011221673966040902
1996-09-01,5188,5304,9633,9483,1.4113,-116,0.978129713423831,0.9338521400778176,1.8628768964854991,-5.103347356868482,4.532912889239249,5169.333333333333,5220.0,-50.66666666666666,0.99029374201788,61560.0,62317.0,0.9878524319206637,-116.0,-1.1898656272438246,-7.285851780558228,-152.0,-757.0,9732.666666666666,0.0,1.8454022988505747,-0.0012886925938138116
1996-10-01,5254,5204,9683,9369,1.4788,50,1.009607993850884,1.2721665381649985,-1.8853695324283604,0.7478427612655825,0.5021243723445368,5194.0,5238.333333333333,-44.333333333333336,0.9915367483296216,61599.0,62343.0,0.9880660218468793,50.0,0.5190491020450549,-7.135321760813273,-133.0,-744.0,9688.333333333334,0.0,1.848488705058861,-0.03053120305752488
1996-11-01,5507,5369,9821,9396,1.5209,138,1.0257031104488732,4.815378759040723,3.17063797079169,7.181782794861813,2.3641563393708376,5316.333333333333,5292.333333333333,24.0,1.0045348617497007,61968.0,62467.0,0.9920117822210127,138.0,1.4251781472684133,-4.835271317829459,72.0,-499.0,9712.333333333334,0.0,1.8557032184921585,-0.014190010841004241
1996-12-01,5055,5298,9578,9342,1.5532,-243,0.9541336353340883,-8.20773560922462,-1.3224064071521655,-3.4014905407987794,2.376811594202888,5272.0,5290.333333333333,-18.33333333333333,0.996534559889106,61790.0,62590.0,0.9872184054960856,-243.0,-2.474289787190709,-7.708614376565814,-55.0,-800.0,9694.0,0.0,1.8104719299351018,-0.034930368915472965
1997-01-01,4898,4798,9678,9276,1.5955,100,1.0208420175072948,-3.10583580613254,-9.437523593808985,-4.503801910703842,-4.135864135864131,5153.333333333333,5155.0,-1.6666666666666667,0.9996766892984156,61559.0,62383.0,0.9867912732635493,100.0,1.0440593025683897,-7.846124547705202,-5.0,-824.0,9692.333333333334,0.0,1.877400581959263,0.028911876900401978
1997-02-01,5234,5114,9798,9058,1.6798,120,1.0234649980445836,6.859942833809729,6.586077532305135,7.210159770585833,3.3757833030119366,5062.333333333333,5070.0,-7.666666666666667,0.9984878369493754,61911.0,62550.0,0.9897841726618705,120.0,1.239925604463732,-6.122448979591832,-23.0,-639.0,9684.666666666666,0.0,1.9325443786982248,0.07684116020606635
1997-03-01,5839,5410,10227,8881,1.747,429,1.0792975970425138,11.559037065342004,5.788032850997271,16.61673656880367,3.818844751487238,5323.666666666667,5107.333333333333,216.33333333333331,1.0423573945960058,62743.0,62749.0,0.99990438094631,429.0,4.37844458052663,-0.05863383172090009,649.0,-6.0,9901.0,0.0,2.00241482835139,0.1919428984162883
1997-04-01,5104,5076,10255,8755,1.7981,28,1.0055161544523246,-12.587771878746356,-6.17375231053604,-0.4874244492103718,-5.527638190954775,5392.333333333333,5200.0,192.33333333333331,1.0369871794871794,62718.0,62452.0,1.0042592711202203,28.0,0.2737850787132068,2.66292922214435,577.0,266.0,10093.333333333334,0.0,1.9721153846153847,0.09471480265612175
1997-05-01,5231,5046,10440,8611,1.8763,185,1.036662703131193,2.4882445141065856,-0.5910165484633523,1.1798839458413868,-3.665521191294385,5391.333333333333,5177.333333333333,214.0,1.0413340200875612,62779.0,62260.0,1.0083360102794732,185.0,1.8039980497318364,5.231327487148474,642.0,519.0,10307.333333333334,0.0,2.0164821014679375,0.08393772276971267
1997-06-01,5394,5263,10571,8413,1.9274,131,1.0248907467224018,3.11603899827948,4.300435988902107,4.758205476791599,-0.4162724692525987,5243.0,5128.333333333333,114.66666666666669,1.0223594410139747,63024.0,62238.0,1.0126289405186542,131.0,1.254789272030643,8.03270311701585,344.0,786.0,10422.0,0.0,2.0612934676633086,0.0588786393119185
1997-07-01,4876,4960,10487,8516,1.9704,-84,0.9830645161290322,-9.603262884686693,-5.757172715181458,-5.868725868725866,-3.670615653524956,5167.0,5089.666666666667,77.33333333333333,1.0151941842949768,62720.0,62049.0,1.010814034069848,-84.0,-0.7946268091949649,6.835778321108399,232.0,671.0,10499.333333333334,0.0,2.0604492763114806,0.08833389169609585
1997-08-01,5218,5110,10595,8591,2.0717,108,1.0211350293542074,7.013945857260051,3.0241935483871,1.5175097276264538,-1.8628768964854991,5162.666666666667,5111.0,51.66666666666666,1.0101089154112046,62798.0,61952.0,1.0136557334710743,108.0,1.0298464765900572,8.677813109036814,155.0,846.0,10551.0,0.0,2.0729798473879866,0.05649774592004908
1997-09-01,5070,5009,10656,8535,2.1723,61,1.0121780794569777,-2.8363357608279016,-1.9765166340508844,-2.274479568234389,-5.5618401206636525,5054.666666666667,5026.333333333333,28.33333333333333,1.0056369785794814,62680.0,61657.0,1.0165917900643884,61.0,0.5757432751297697,10.619744627841786,85.0,1023.0,10579.333333333334,0.0,2.1200344850454274,0.05874101738211879
1997-10-01,4848,4938,10566,8733,2.2375,-90,0.9817739975698664,-4.378698224852073,-1.4174485925334437,-7.72744575561477,-5.111452728670251,5045.333333333333,5019.0,26.33333333333333,1.0052467290961014,62274.0,61391.0,1.0143832157808148,-90.0,-0.8445945945945943,9.119074666942062,79.0,883.0,10605.666666666666,0.0,2.1052002390914524,0.044750962779971815
1997-11-01,4731,4944,10353,8542,2.3128,-213,0.9569174757281552,-2.41336633663366,0.121506682867567,-14.091156709642272,-7.915813000558758,4883.0,4963.666666666667,-80.66666666666667,0.9837485729635348,61498.0,60966.0,1.0087261752452186,-213.0,-2.015900056785913,5.41696364932287,-242.0,532.0,10525.0,0.0,2.0857564972130818,0.012776649825095188
1997-12-01,5190,4932,10611,8475,2.3681,258,1.0523114355231145,9.701965757767915,-0.2427184466019416,2.6706231454005858,-6.908267270668178,4923.0,4938.0,-15.0,0.996962332928311,61633.0,60600.0,1.017046204620462,258.0,2.492031295276731,10.785132595531422,-45.0,1033.0,10510.0,0.0,2.1488456865127583,0.02881120146733096
1998-01-01,4738,4463,10886,8467,2.4334,275,1.0616177459108225,-8.709055876685934,-9.50932684509327,-3.266639444671293,-6.982075864943727,4886.333333333333,4779.666666666667,106.66666666666669,1.022316758490829,61473.0,60265.0,1.0200448021239525,275.0,2.5916501743473708,12.481917751601568,320.0,1208.0,10616.666666666666,0.0,2.277564683729688,0.17236444463823553
1998-02-01,4654,4867,10673,8461,2.4396,-213,0.956235874255188,-1.7728999577880988,9.05220703562626,-11.081390905617116,-4.829878764176765,4860.666666666667,4754.0,106.66666666666669,1.0224372458280746,60893.0,60018.0,1.0145789596454398,-213.0,-1.956641557964356,8.93039395795061,320.0,875.0,10723.333333333334,0.0,2.2450567942785025,0.1593002970654207
1998-03-01,4825,5153,10345,8528,2.4932,-328,0.9363477585872308,3.674258702191669,5.87630984179166,-17.365987326597022,-4.750462107208875,4739.0,4827.666666666667,-88.66666666666667,0.9816336394393426,59879.0,59761.0,1.0019745318853432,-328.0,-3.0731753021643438,1.1538085460056635,-266.0,118.0,10634.666666666666,0.0,2.142857142857143,-0.005988543655615519
1998-04-01,4813,4792,10366,8438,2.5916,21,1.0043823038397328,-0.2487046632124401,-7.005627789637103,-5.701410658307216,-5.594956658786443,4764.0,4937.333333333333,-173.33333333333334,0.9648933297326492,59588.0,59477.0,1.0018662676328665,21.0,0.20299661672305014,1.082398829839093,-520.0,111.0,10461.333333333334,0.0,2.0995139076424523,-0.17805077608723563
1998-05-01,4498,4794,10070,8409,2.6278,-296,0.9382561535252398,-6.544774568875966,0.041736227045086,-14.012617090422486,-4.99405469678954,4712.0,4913.0,-201.0,0.9590881335233056,58855.0,59225.0,0.9937526382439849,-296.0,-2.855489098977426,-3.544061302681989,-603.0,-370.0,10260.333333333334,0.0,2.0496641563199676,-0.1953926379585349
1998-06-01,4913,4877,10106,8387,2.7404,36,1.007381587041214,9.226322810137844,1.731330830204425,-8.917315535780501,-7.334220026600802,4741.333333333333,4821.0,-79.66666666666667,0.9834750743275944,58374.0,58839.0,0.9920970784683628,36.0,0.3574975173783468,-4.398826979472137,-239.0,-465.0,10180.666666666666,0.0,2.096245592200788,-0.046611550656354694
1998-07-01,4960,4771,10295,8307,2.8884,189,1.0396143366170614,0.9566456340321494,-2.173467295468523,1.722723543888427,-3.81048387096774,4790.333333333333,4814.0,-23.666666666666668,0.9950837834095,58458.0,58650.0,0.9967263427109975,189.0,1.8701761329902977,-1.8308381806045548,-71.0,-192.0,10157.0,0.0,2.13855421686747,0.039040309225017555
1998-08-01,4629,4704,10220,8306,3.0318,-75,0.9840561224489796,-6.6733870967741975,-1.4043177530915996,-11.2878497508624,-7.945205479452055,4834.0,4784.0,50.0,1.0104515050167224,57869.0,58244.0,0.993561568573587,-75.0,-0.7285089849441428,-3.5394053798961767,150.0,-375.0,10207.0,0.0,2.1362876254180603,0.08662346909809271
1998-09-01,4820,4867,10173,8222,3.2134,-47,0.9903431271830696,4.126161157917485,3.465136054421758,-4.930966469428011,-2.834897185066876,4803.0,4780.666666666667,22.33333333333333,1.0046715939199553,57619.0,58102.0,0.9916870331486007,-47.0,-0.4598825831702569,-4.532657657657657,67.0,-483.0,10229.333333333334,0.0,2.1279458931808675,0.031700300980079366
1998-10-01,4926,4849,10250,8046,3.3835,77,1.015879562796453,2.19917012448132,-0.3698376823505267,1.6089108910890992,-1.802349129202108,4791.666666666667,4806.666666666667,-15.0,0.996879334257975,57697.0,58013.0,0.9945529450295624,77.0,0.7569055342573572,-2.9907249668748803,-45.0,-316.0,10214.333333333334,0.0,2.1324549237170594,-0.0060992931504104675
1998-11-01,4805,4726,10329,7948,3.5101,79,1.016716038933559,-2.456354039788877,-2.5366054856671427,1.564151342210951,-4.409385113268605,4850.333333333333,4814.0,36.333333333333336,1.0075474311037251,57771.0,57795.0,0.9995847391642876,79.0,0.7707317073170739,-0.23181686467690366,109.0,-24.0,10250.666666666666,0.0,2.145616950560864,0.009329325142803935
1998-12-01,5390,5256,10463,7722,3.6676,134,1.0254946727549468,12.174817898022884,11.214557765552268,3.853564547206157,6.569343065693434,5040.333333333333,4943.666666666667,96.66666666666669,1.0195536376508665,57971.0,58119.0,0.9974535005764036,134.0,1.297318230225586,-1.394779002921498,290.0,-148.0,10347.333333333334,0.0,2.116445283527746,-0.011500609653121607
1999-01-01,4907,4811,10559,7707,3.8312,96,1.0199542714612346,-8.961038961038959,-8.466514459665142,3.5669058674546283,7.797445664351343,5034.0,4931.0,103.0,1.020888257959846,58140.0,58467.0,0.994407101441839,96.0,0.9175188760393693,-3.0038581664523223,309.0,-327.0,10450.333333333334,0.0,2.141350638815656,0.008895715098596657
1999-02-01,4951,4867,10643,7785,4.0388,84,1.0172590918430244,0.896678214795199,1.1639991685720164,6.381607219596042,0.0,5082.666666666667,4978.0,104.66666666666669,1.0210258470603992,58437.0,58467.0,0.9994868900405357,84.0,0.7955298797234667,-0.2810831069052777,314.0,-30.0,10555.0,0.0,2.138007231820008,-0.007609718740856142
1999-03-01,5289,4970,10962,7735,4.2019,319,1.064185110663984,6.826903655827099,2.1162934045613424,9.61658031088084,-3.551329322724628,5049.0,4882.666666666667,166.33333333333334,1.0340660841070453,58901.0,58284.0,1.0105860956694805,319.0,2.997275204359684,5.964233929434504,499.0,617.0,10721.333333333334,0.0,2.2450846531949753,0.12863936966722944
1999-04-01,5018,4870,11110,7789,4.3865,148,1.0303901437371663,-5.123841936093776,-2.012072434607648,4.259297735300227,1.6277128547579345,5086.0,4902.333333333333,183.66666666666663,1.037465152648399,59106.0,58362.0,1.0127480209725506,148.0,1.3501185914978953,7.177310437970297,551.0,744.0,10905.0,0.0,2.266267763649963,0.12491712483430684
1999-05-01,5218,4885,11443,7907,4.5252,333,1.0681678607983622,3.98565165404543,0.3080082135523687,16.007114273010224,1.8982060909470189,5175.0,4908.333333333333,266.6666666666667,1.0543293718166384,59826.0,58453.0,1.0234889569397636,333.0,2.997299729973002,13.634558093346572,800.0,1373.0,11171.666666666666,0.0,2.3313412563667235,0.19333402454671544
1999-06-01,5660,5368,11735,8014,4.7196,292,1.0543964232488825,8.470678420850897,9.887410440122824,15.204559332383472,10.067664547877795,5298.666666666667,5041.0,257.6666666666667,1.0511141969186009,60573.0,58944.0,1.0276364006514658,292.0,2.5517783797954996,16.119137146249752,773.0,1629.0,11429.333333333334,0.0,2.327911128744297,0.08282647554932154
1999-07-01,5781,5406,12110,7966,5.0164,375,1.069367369589345,2.1378091872791494,0.70789865871832,16.55241935483871,13.309578704674063,5553.0,5219.666666666667,333.3333333333333,1.063861038380484,61394.0,59579.0,1.0304637540072845,375.0,3.195568811248406,17.629917435648366,1000.0,1815.0,11762.666666666666,0.0,2.320071524362986,0.05380376071302306
1999-08-01,6013,5392,12731,8333,4.9717,621,1.1151706231454006,4.013146514443866,-0.2589715131335546,29.89846619140204,14.62585034013606,5818.0,5388.666666666667,429.3333333333333,1.079673388593344,62778.0,60267.0,1.0416645925630943,621.0,5.127993393889341,24.56947162426615,1288.0,2511.0,12192.0,0.0,2.3625510330322896,0.031209776665566125
1999-09-01,6204,5614,13321,8518,4.9603,590,1.1050944068400428,3.176451022783966,4.117210682492578,28.7136929460581,15.348263817546748,5999.333333333333,5470.666666666667,528.6666666666666,1.096636607360468,64162.0,61014.0,1.0515947159668273,590.0,4.634357081140528,30.944657426521193,1586.0,3148.0,12720.666666666666,0.0,2.4349865951742626,0.1070754664299658
1999-10-01,6950,5614,14657,8714,5.1056,1336,1.237976487353046,12.024500322372656,0.0,41.08810393828664,15.776448752320071,6389.0,5540.0,849.0,1.153249097472924,66186.0,61779.0,1.071334919632885,1336.0,10.029277081300192,42.9951219512195,2547.0,4407.0,13569.666666666666,0.0,2.645667870036101,0.325596345673115
1999-11-01,6185,5628,15214,8874,5.3139,557,1.0989694385216773,-11.007194244604312,0.2493765586034868,28.7200832466181,19.08590774439272,6446.333333333333,5618.666666666667,827.6666666666666,1.1473065970574274,67566.0,62681.0,1.0779343022606531,557.0,3.8002319710718435,47.294026527253365,2483.0,4885.0,14397.333333333334,0.0,2.7077598481252965,0.3452088150930068
1999-12-01,6136,5786,15564,9037,5.4565,350,1.060490839958521,-0.7922392886014595,2.807391613361765,13.840445269016689,10.083713850837128,6423.666666666667,5676.0,747.6666666666666,1.1317242189335213,68312.0,63211.0,1.080697979782,350.0,2.3005126856842306,48.75274777788397,2243.0,5101.0,15145.0,0.0,2.7420718816067655,0.3070852864325029
2000-01-01,6504,6037,16031,9088,5.6204,467,1.0773563027994038,5.997392438070404,4.338057379882465,32.54534338699817,25.48326751195178,6275.0,5817.0,458.0,1.0787347429946708,69909.0,64437.0,1.0849201545695797,467.0,3.000514006682087,51.82308930769959,1374.0,5472.0,15603.0,0.0,2.7558879147326802,0.11022004469657931
2000-02-01,6747,5964,16814,9295,5.7762,783,1.131287726358149,3.7361623616236175,-1.2092098724532097,36.27549989901031,22.5395520854736,6462.333333333333,5929.0,533.3333333333334,1.0899533367065837,71705.0,65534.0,1.0941648609881893,783.0,4.884286694529338,57.98177205675093,1600.0,6171.0,16136.333333333334,0.0,2.835891381345927,0.12813153322063053
2000-03-01,7050,6072,17792,9591,6.0549,978,1.1610671936758894,4.490884837705655,1.810865191146882,33.29551900170165,22.173038229376264,6767.0,6024.333333333333,742.6666666666666,1.123277817739169,73466.0,66636.0,1.1024971486883968,978.0,5.816581420245037,62.30614851304506,2228.0,6830.0,16879.0,0.0,2.953355834670503,0.2112839530637376
2000-04-01,7820,6697,18915,9969,6.3692,1123,1.1676870240406152,10.921985815602842,10.293148880105395,55.83897967317657,37.51540041067762,7205.666666666667,6244.333333333333,961.3333333333334,1.153952917311696,76268.0,68463.0,1.1140031842016855,1123.0,6.31182553956835,70.25202520252026,2884.0,7805.0,17840.333333333332,0.0,3.029146426092991,0.27325851136031076
2000-05-01,7129,6293,19751,10183,6.6909,836,1.13284601938662,-8.836317135549876,-6.03255188890548,36.62322729014949,28.8229273285568,7333.0,6354.0,979.0,1.15407617248977,78179.0,69871.0,1.1189048389174336,836.0,4.419772667195354,72.60333828541465,2937.0,8308.0,18819.333333333332,0.0,3.1084356310985206,0.2725442497525936
2000-06-01,6665,6140,20276,10701,6.9542,525,1.0855048859934853,-6.508626735867584,-2.431272842841248,17.75618374558303,14.381520119225044,7204.666666666667,6376.666666666667,828.0,1.1298484056455829,79184.0,70643.0,1.1209036988802854,525.0,2.6580932611007135,72.78227524499361,2484.0,8541.0,19647.333333333332,0.0,3.179717720857292,0.2263618861867891
2000-07-01,7030,6407,20899,10972,7.3065,623,1.0972373965974715,5.47636909227307,4.3485342019544015,21.60525860577756,18.516463189049205,6941.333333333333,6280.0,661.3333333333334,1.105307855626327,80433.0,71644.0,1.1226760091563843,623.0,3.0725981455908435,72.57638315441784,1984.0,8789.0,20308.666666666668,0.0,3.3278662420382163,0.29871981594522534
2000-08-01,7195,6350,21744,11213,7.4126,845,1.1330708661417324,2.3470839260312903,-0.8896519431871419,19.657408947280896,17.767062314540063,6963.333333333333,6299.0,664.3333333333334,1.105466476160237,81615.0,72602.0,1.1241425856037024,845.0,4.043255658165457,70.79569554630429,1993.0,9013.0,20973.0,0.0,3.451976504207017,0.34354087310849657
2000-09-01,7378,6530,22592,11550,7.5405,848,1.1298621745788668,2.543432939541357,2.834645669291347,18.92327530625404,16.31635197719985,7201.0,6429.0,772.0,1.1200808834966558,82789.0,73518.0,1.1261051715226202,848.0,3.899926416482713,69.59687711132798,2316.0,9271.0,21745.0,0.0,3.514076839321823,0.3343591184645307
2000-10-01,5876,6301,22167,11734,7.6973,-425,0.9325503888271705,-20.35782054757387,-3.506891271056667,-15.45323741007194,12.237263982899904,6816.333333333333,6393.666666666667,422.6666666666667,1.0661070851363328,81715.0,74205.0,1.1012061181861061,-425.0,-1.8811968838526871,51.23831616292556,1268.0,7510.0,22167.666666666668,0.0,3.467024659819613,0.1391584177813967
2000-11-01,6344,6364,22147,12050,8.0352,-20,0.9968573224387178,7.964601769911495,0.9998412950325442,2.570735650767997,13.077469793887708,6532.666666666667,6398.333333333333,134.33333333333334,1.0209950507944778,81874.0,74941.0,1.0925127767176845,-20.0,-0.09022420715477653,45.56986985671092,403.0,6933.0,22302.0,0.0,3.4613701484761656,0.00939364426914846
2000-12-01,6402,6483,22066,12290,8.2806,-81,0.987505784359093,0.9142496847414971,1.869893148962909,4.335071707953064,12.046318700311096,6207.333333333333,6382.666666666667,-175.33333333333334,0.972529768121997,82140.0,75638.0,1.0859620825510987,-81.0,-0.36573802320856164,41.77589308661012,-526.0,6502.0,22126.666666666668,0.0,3.4571756841445582,-0.056901155177264684
2001-01-01,6549,6623,21992,12219,8.1569,-74,0.988826815642458,2.296157450796632,2.159494061391332,0.6918819188191927,9.706808017227097,6431.666666666667,6490.0,-58.333333333333336,0.9910118130457114,82185.0,76224.0,1.0782037153652393,-74.0,-0.3353575636726225,37.184205601646816,-175.0,5961.0,22068.333333333332,0.0,3.388597842835131,-0.07842681698448217
2001-02-01,5421,6772,20641,11909,8.119,-1351,0.8005020673360898,-17.224003664681632,2.249735769288841,-19.653179190751445,13.547954393024808,6124.0,6626.0,-502.0,0.9242378508904316,80859.0,77032.0,1.0496806521964899,-1351.0,-6.143142961076753,22.760794575948616,-1506.0,3827.0,21566.333333333332,0.0,3.1151524298219138,-0.3462177186542519
2001-03-01,4239,5819,19061,11579,8.1813,-1580,0.7284756831070631,-21.80409518539015,-14.072652096869463,-39.87234042553192,-4.166666666666663,5403.0,6404.666666666667,-1001.6666666666666,0.8436036223586968,78048.0,76779.0,1.0165279568632049,-1580.0,-7.65466789399738,7.132419064748197,-3005.0,1269.0,20564.666666666668,0.0,2.976111168939315,-0.4810645152052433
2001-04-01,3683,4911,17833,11172,8.0418,-1228,0.749949093870902,-13.116301014390183,-15.604055679670047,-52.90281329923274,-26.66865760788413,4447.666666666667,5834.0,-1386.3333333333333,0.7623700148554452,73911.0,74993.0,0.9855719867187605,-1228.0,-6.442474161901268,-5.720327782183454,-4159.0,-1082.0,19178.333333333332,0.0,3.0567363729859443,-0.33186146984918663
2001-05-01,4296,4843,17286,10854,7.9237,-547,0.8870534792483997,16.644040184632104,-1.3846467114640548,-39.73909384205359,-23.04147465437788,4072.6666666666665,5191.0,-1118.3333333333333,0.7845630257496949,71078.0,73543.0,0.966482194090532,-547.0,-3.067347053215952,-12.48038074021569,-3355.0,-2465.0,18060.0,0.0,3.3299942207667117,0.21484179094479794
2001-06-01,5158,5356,17088,10612,7.8019,-198,0.9630321135175504,20.06517690875233,10.592607887672932,-22.610652663165787,-12.76872964169381,4379.0,5036.666666666667,-657.6666666666666,0.8694242223692918,69571.0,72759.0,0.9561841146799709,-198.0,-1.1454356126345044,-15.723022292365362,-1973.0,-3188.0,17402.333333333332,0.0,3.3927200529450694,0.41660888400575447
2001-07-01,4175,4526,16737,10443,7.4679,-351,0.922448077772868,-19.057774331136105,-15.496639283047053,-40.61166429587482,-29.3585141251756,4543.0,4908.333333333333,-365.3333333333333,0.9255687606112056,66716.0,70878.0,0.9412793814723892,-351.0,-2.0540730337078705,-19.9148284606919,-1096.0,-4162.0,17037.0,0.0,3.4099151103565366,0.35317873737059235
2001-08-01,4110,4675,16172,10014,7.5992,-565,0.879144385026738,-1.556886227544907,3.2920901458241225,-42.87699791521891,-26.37795275590551,4481.0,4852.333333333333,-371.3333333333333,0.9234732431132788,63631.0,69203.0,0.919483259396269,-565.0,-3.375754316783175,-25.62545989698307,-1114.0,-5572.0,16665.666666666668,0.0,3.332829566531566,0.0028353457648542246
2001-09-01,4096,4407,15861,9698,7.7622,-311,0.9294304515543452,-0.3406326034063212,-5.732620320855619,-44.48359989156954,-32.511485451761104,4127.0,4536.0,-409.0,0.9098324514991182,60349.0,67080.0,0.8996571258199165,-311.0,-1.9230769230769273,-29.79373229461756,-1227.0,-6731.0,16256.666666666666,0.0,3.496693121693122,0.10397306874805246
2001-10-01,4237,4496,15602,9026,7.923,-259,0.9423932384341636,3.4423828125,2.01951440889494,-27.893124574540508,-28.64624662751945,4147.666666666667,4526.0,-378.3333333333333,0.9164088967447342,58710.0,65275.0,0.8994255074684029,-259.0,-1.6329361326524183,-29.616095998556414,-1135.0,-6565.0,15878.333333333334,0.0,3.4471939902783917,0.03727887992185508
2001-11-01,4410,4616,15396,8465,7.8071,-206,0.955372616984402,4.0830776492801535,2.6690391459074814,-30.48549810844893,-27.467001885606532,4247.666666666667,4506.333333333333,-258.6666666666667,0.9425993046822992,56776.0,63527.0,0.8937302249437247,-206.0,-1.3203435456992652,-30.482683884950557,-776.0,-6751.0,15619.666666666666,0.0,3.4165248908942973,0.08369532436273142
2001-12-01,4135,4265,15266,8271,8.1924,-130,0.9695193434935522,-6.235827664399096,-7.603986135181973,-35.41080912214933,-34.212555915471235,4260.666666666667,4459.0,-198.33333333333331,0.9555206698063842,54509.0,61309.0,0.889086431029702,-130.0,-0.8443751623798401,-30.816640986132516,-595.0,-6800.0,15421.333333333334,0.0,3.423637586902893,-0.07305553479022864
2002-01-01,4043,4269,15040,8263,8.3054,-226,0.9470602014523308,-2.224909310761791,0.0937866354044469,-38.265384028095895,-35.54280537520761,4196.0,4383.333333333333,-187.33333333333331,0.9572623574144488,52003.0,58955.0,0.8820795522008311,-226.0,-1.4804139918773718,-31.61149508912332,-562.0,-6952.0,15234.0,0.0,3.4311787072243347,-0.016015283054056972
2002-02-01,3885,4285,14640,8122,8.6572,-400,0.9066511085180864,-3.907989116992328,0.3747950339658024,-28.33425567238517,-36.72474896633196,4021.0,4273.0,-252.0,0.9410250409548326,50467.0,56468.0,0.8937274208401218,-400.0,-2.659574468085102,-29.07320381764449,-756.0,-6001.0,14982.0,0.0,3.4261642873859115,0.00963939649161416
2002-03-01,4470,4208,14902,8151,8.8337,262,1.0622623574144487,15.05791505791505,-1.7969661610268362,5.449398443029008,-27.685169273070976,4132.666666666667,4254.0,-121.33333333333331,0.9714778247923525,50698.0,54857.0,0.924184698397652,262.0,1.7896174863387904,-21.81942185614606,-364.0,-4159.0,14860.666666666666,0.0,3.5030559473436766,0.07941836044078343
2002-04-01,4499,4217,15184,8029,9.0789,282,1.0668721840170738,0.6487695749440636,0.2138783269961974,22.15585120825414,-14.13154143758909,4284.666666666667,4236.666666666667,48.0,1.0113296616837135,51514.0,54163.0,0.9510920739250042,282.0,1.8923634411488477,-14.854483261369367,144.0,-2649.0,14908.666666666666,0.0,3.583949645948072,0.15277093872373726
2002-05-01,3829,4270,14743,7887,9.2091,-441,0.8967213114754098,-14.892198266281396,1.2568176428740865,-10.870577281191808,-11.831509395003092,4266.0,4231.666666666667,34.333333333333336,1.0081134304844426,51047.0,53590.0,0.9525471169994402,-441.0,-2.90437302423604,-14.711327085502724,103.0,-2543.0,14943.0,0.0,3.483970066955494,0.05780577956958233
2002-06-01,4035,4102,14676,7548,9.3702,-67,0.98366650414432,5.3799947767041,-3.934426229508192,-21.77200465296627,-23.41299477221808,4121.0,4196.333333333333,-75.33333333333333,0.9820478195249822,49924.0,52336.0,0.9539131763986548,-67.0,-0.45445296072712527,-14.11516853932584,-226.0,-2412.0,14867.666666666666,0.0,3.4973389466994997,-0.005717000644176906
2002-07-01,4126,4224,14578,7384,9.5136,-98,0.9767992424242424,2.2552664188352,2.9741589468551988,-1.1736526946107828,-6.672558550596552,3996.6666666666665,4198.666666666667,-202.0,0.9518894887265796,49875.0,52034.0,0.9585078986816312,-98.0,-0.6677568819841939,-12.899563840592698,-606.0,-2159.0,14665.666666666666,0.0,3.4720546205144487,-0.11189502543362329
2002-08-01,3647,4162,14063,7420,9.6704,-515,0.8762614127823162,-11.609306834706734,-1.4678030303030276,-11.265206812652073,-10.973262032085564,3936.0,4162.666666666667,-226.66666666666663,0.945547725816784,49412.0,51521.0,0.9590652355350245,-515.0,-3.5327205377966853,-13.041058619836754,-680.0,-2109.0,14439.0,0.0,3.3783632286995515,-0.1056068382559423
2002-09-01,2830,3760,13133,7209,9.761,-930,0.7526595744680851,-22.40197422539073,-9.658817876021144,-30.908203125,-14.681189017472208,3534.333333333333,4048.6666666666665,-514.3333333333334,0.8729622921126298,48146.0,50874.0,0.9463773243700122,-930.0,-6.6130982009528605,-17.19941996091041,-1543.0,-2728.0,13924.666666666666,0.0,3.243783961798123,-0.25355498490137673
2002-10-01,3868,3846,13155,7202,9.873,22,1.0057202288091525,36.67844522968198,2.287234042553199,-8.70899221147038,-14.45729537366548,3448.333333333333,3922.6666666666665,-474.3333333333333,0.8790788579197826,47777.0,50224.0,0.9512782733354571,22.0,0.16751694205436873,-15.683886681194714,-1423.0,-2447.0,13450.333333333334,0.0,3.3535859959211423,-0.11846862459330643
2002-11-01,3604,3872,12887,7270,9.9873,-268,0.930785123966942,-6.825232678386762,0.6760270410816505,-18.27664399092971,-16.117850953206236,3434.0,3826.0,-392.0,0.8975431259801359,46971.0,49480.0,0.9492926434923201,-268.0,-2.0372481946028143,-16.296440633930885,-1176.0,-2509.0,13058.333333333334,0.0,3.368269733403032,-0.010093495296519706
2002-12-01,3613,3736,12764,7105,10.0899,-123,0.9670770877944326,0.2497225305216455,-3.512396694214881,-12.623941958887542,-12.403282532239157,3695.0,3818.0,-123.0,0.9677841801990572,46449.0,48951.0,0.9488876631733775,-123.0,-0.9544502211531025,-16.38936198087253,-369.0,-2502.0,12935.333333333334,0.0,3.3431115767417494,0.09932761494362641
2003-01-01,3439,3658,12545,7008,10.4129,-219,0.9401312192454894,-4.815942430113484,-2.0877944325481845,-14.93940143457828,-14.312485359568983,3552.0,3755.3333333333335,-203.33333333333331,0.9458547843067636,45845.0,48340.0,0.9483864294580058,-219.0,-1.7157630836728277,-16.589095744680847,-610.0,-2495.0,12732.0,0.0,3.340582282975324,-0.013003712945818258
2003-02-01,3627,3798,12374,6986,10.776,-171,0.9549763033175356,5.466705437627217,3.827227993439042,-6.6409266409266365,-11.365227537922983,3559.6666666666665,3730.6666666666665,-171.0,0.9541636883488206,45587.0,47853.0,0.9526466470231751,-171.0,-1.363092865683535,-15.478142076502731,-513.0,-2266.0,12561.0,0.0,3.316833452466047,-0.0514362809369846
2003-03-01,3205,3725,11854,6784,10.9388,-520,0.8604026845637583,-11.634960022056797,-1.922064244339128,-28.299776286353477,-11.478136882129276,3423.6666666666665,3727.0,-303.3333333333333,0.9186119309542974,44322.0,47370.0,0.9356554781507284,-520.0,-4.202359786649423,-20.453630385183196,-910.0,-3048.0,12257.666666666666,0.0,3.1805741883552456,-0.16253738838650378
2003-04-01,3042,3835,11061,6593,11.1714,-793,0.7932203389830509,-5.085803432137281,2.953020134228179,-32.38497443876417,-9.05857244486602,3291.333333333333,3786.0,-494.6666666666667,0.8693431942243353,42865.0,46988.0,0.9122541925598026,-793.0,-6.689724987346047,-27.153582718651215,-1484.0,-4123.0,11763.0,0.0,2.921553090332805,-0.4190291926425189
2003-05-01,3847,3907,11001,6600,11.5326,-60,0.9846429485538776,26.46285338593031,1.8774445893089853,0.4700966309741483,-8.501170960187354,3364.6666666666665,3822.3333333333335,-457.6666666666667,0.8802651085724251,42883.0,46625.0,0.9197426273458446,-60.0,-0.5424464334147006,-25.381537000610454,-1373.0,-3742.0,11305.333333333334,0.0,2.8780849393912966,-0.4387485130747506
2003-06-01,3685,3872,10814,6456,11.9971,-187,0.9517045454545454,-4.211073563815959,-0.8958280010238018,-8.674101610904582,-5.607020965382736,3524.6666666666665,3871.3333333333335,-346.6666666666667,0.9104529016703976,42533.0,46395.0,0.9167582713654489,-187.0,-1.6998454685937636,-26.31507222676479,-1040.0,-3862.0,10958.666666666666,0.0,2.79335285000861,-0.3872213383466354
2003-07-01,3622,3846,10590,6365,12.5721,-224,0.9417576703068122,-1.709633649932163,-0.671487603305787,-12.215220552593308,-8.948863636363635,3718.0,3875.0,-157.0,0.959483870967742,42029.0,46017.0,0.913336375687246,-224.0,-2.0713889402626195,-27.356290300452734,-471.0,-3988.0,10801.666666666666,0.0,2.7329032258064516,-0.18864986452635346
2003-08-01,3830,3889,10531,6261,12.961,-59,0.9848290048855748,5.742683600220877,1.118044721788869,5.017822868110766,-6.559346468044214,3712.3333333333335,3869.0,-156.66666666666666,0.9595071939346946,42212.0,45744.0,0.9227876880027982,-59.0,-0.5571293673276689,-25.11555144705966,-470.0,-3532.0,10645.0,0.0,2.7218919617472217,-0.15619297764407492
2003-09-01,4001,3940,10592,5859,13.4829,61,1.015482233502538,4.464751958224533,1.3113911031113368,41.37809187279152,4.78723404255319,3817.6666666666665,3891.6666666666665,-74.0,0.980985010706638,43383.0,45924.0,0.944669453880324,61.0,0.579242237204447,-19.34820680727938,-222.0,-2541.0,10571.0,0.0,2.7217130620985013,-0.07163978791010894
2003-10-01,4290,4010,10872,6145,14.0285,280,1.0698254364089776,7.223194201449634,1.7766497461928932,10.910031023784894,4.264170566822667,4040.3333333333335,3946.3333333333335,94.0,1.0238195793563645,43805.0,46088.0,0.9504643291095296,280.0,2.643504531722063,-17.354618015963506,282.0,-2283.0,10665.0,0.0,2.7549624123659093,0.02205918655945771
2003-11-01,4424,4073,11223,6008,14.4245,351,1.086177264915296,3.1235431235431266,1.5710723192019935,22.752497225305213,5.191115702479343,4238.333333333333,4007.6666666666665,230.66666666666663,1.057556350328537,44625.0,46289.0,0.9640519345848906,351.0,3.22847682119205,-12.912237138201288,692.0,-1664.0,10895.666666666666,0.0,2.800382600016635,0.07849063826941327
2003-12-01,4084,3988,11319,6148,14.5241,96,1.02407221664995,-7.685352622061481,-2.0869138227350814,13.03625795737615,6.745182012847972,4266.0,4023.6666666666665,242.33333333333331,1.0602269903073482,45096.0,46541.0,0.9689521067445908,96.0,0.855386260358193,-11.320902538389221,727.0,-1445.0,11138.0,0.0,2.813105790738133,0.09139272863963166
2004-01-01,4038,3938,11419,5985,14.7787,100,1.0253936008125952,-1.1263467189030374,-1.253761283851551,17.417854027333533,7.654455986878084,4182.0,3999.6666666666665,182.33333333333331,1.0455871322610215,45695.0,46821.0,0.9759509621750924,100.0,0.8834702712253728,-8.975687524910326,547.0,-1126.0,11320.333333333334,0.0,2.8549879156596383,0.10002550329372895
2004-02-01,4031,3826,11624,5727,15.1371,205,1.0535807631991636,-0.1733531451213465,-2.8440832910106684,11.138682106424035,0.7372301211163723,4051.0,3917.3333333333335,133.66666666666666,1.0341218515997277,46099.0,46849.0,0.9839911204081198,205.0,1.795253524827034,-6.061095846128984,401.0,-750.0,11454.0,0.0,2.967324710687542,0.16694211067090725
2004-03-01,3779,3469,11934,6320,15.4862,310,1.0893629287979243,-6.251550483750934,-9.330893883951909,17.909516380655234,-6.872483221476511,3949.3333333333335,3744.3333333333335,205.0,1.0547493990919612,46673.0,46593.0,1.0017169961152963,310.0,2.666896077081904,0.6748776784207822,615.0,80.0,11659.0,0.0,3.18721623787056,0.374110447132427
2004-04-01,3875,3707,12102,6326,15.6914,168,1.045319665497707,2.5403545911616865,6.860766791582584,27.38330046022355,-3.337679269882665,3895.0,3667.3333333333335,227.66666666666663,1.0620796218869295,47506.0,46465.0,1.0224039599698698,168.0,1.4077425842131674,9.411445619745052,683.0,1041.0,11886.666666666666,0.0,3.299945464461007,0.44495754880136884
2004-05-01,4012,3685,12429,6187,16.0261,327,1.0887381275440975,3.535483870967737,-0.5934718100890191,4.289056407590319,-5.682109035065263,3888.6666666666665,3620.3333333333335,268.3333333333333,1.074118405303379,47671.0,46243.0,1.0308803494582963,327.0,2.702032721864156,12.98063812380692,805.0,1428.0,12155.0,0.0,3.433109290120615,0.46578457943307283
2004-06-01,3822,3622,12629,6325,16.1199,200,1.0552181115405852,-4.735792622133594,-1.709633649932163,3.717774762550885,-6.456611570247938,3903.0,3671.3333333333335,231.66666666666663,1.0631015071726893,47808.0,45993.0,1.0394625269062683,200.0,1.609139914715585,16.783798779360094,695.0,1815.0,12386.666666666666,0.0,3.4398946794988197,0.2526784416282597
2004-07-01,3263,3618,12274,6387,16.0467,-355,0.9018794914317302,-14.62585034013606,-0.1104362230811673,-9.91165102153506,-5.928237129485181,3699.0,3641.6666666666665,57.333333333333336,1.0157437070938216,47449.0,45765.0,1.0367966786845844,-355.0,-2.8109905772428556,15.901794145420212,172.0,1684.0,12444.0,0.0,3.370434782608696,0.07048931814768888
2004-08-01,3688,3486,12476,6164,16.1569,202,1.0579460699942629,13.024823781795902,-3.6484245439469274,-3.707571801566578,-10.362561069683718,3591.0,3575.3333333333335,15.666666666666666,1.0043818758157748,47307.0,45362.0,1.0428772981790926,202.0,1.6457552550105836,18.4692811698794,47.0,1945.0,12459.666666666666,0.0,3.489464851762073,0.05635556164145816
2004-09-01,3379,3430,12425,5916,16.4619,-51,0.9851311953352768,-8.37852494577006,-1.6064257028112428,-15.546113471632095,-12.944162436548224,3443.333333333333,3511.3333333333335,-68.0,0.9806341370799316,46685.0,44852.0,1.0408677427985373,-51.0,-0.40878486694453375,17.30551359516617,-204.0,1833.0,12391.666666666666,0.0,3.5385418644389595,0.0986471849401398
2004-10-01,3002,3435,11992,6204,16.5854,-433,0.8739446870451237,-11.15714708493637,0.1457725947521915,-30.023310023310025,-14.33915211970075,3356.333333333333,3450.3333333333335,-94.0,0.9727562554342576,45397.0,44277.0,1.0252953000429117,-433.0,-3.484909456740448,10.301692420897712,-282.0,1120.0,12297.666666666666,0.0,3.4756062216210992,0.10517143901240322
2004-11-01,3620,3733,11879,6106,16.6828,-113,0.9697294401285828,20.58627581612258,8.675400291120816,-18.173598553345396,-8.347655290940336,3333.6666666666665,3532.6666666666665,-199.0,0.943668616720136,44593.0,43937.0,1.014930468625532,-113.0,-0.9422948632421657,5.845139445780978,-597.0,656.0,12098.666666666666,0.0,3.3626155878467636,-0.1268492639153096
2004-12-01,3793,3812,11860,6149,17.0073,-19,0.99501573976915,4.779005524861879,2.1162603803910995,-7.12536728697356,-4.413239719157469,3471.6666666666665,3660.0,-188.33333333333331,0.948542805100182,44302.0,43761.0,1.0123626059733553,-19.0,-0.15994612341105885,4.779574167329259,-565.0,541.0,11910.333333333334,0.0,3.240437158469945,-0.2981047059690143
2005-01-01,3810,3812,11858,6188,17.6704,-2,0.9994753410283316,0.4481940416556806,0.0,-5.646359583952454,-3.1995937023869936,3741.0,3785.6666666666665,-44.66666666666666,0.9882011094479176,44074.0,43635.0,1.0100607310645124,-2.0,-0.01686340640809636,3.844469743410106,-134.0,439.0,11865.666666666666,0.0,3.13234128731179,-0.34326493430930904
2005-02-01,3888,3776,11970,6148,18.1825,112,1.0296610169491525,2.0472440944881987,-0.9443861490031512,-3.547506822128499,-1.3068478829064256,3830.3333333333335,3800.0,30.33333333333333,1.007982456140351,43931.0,43585.0,1.007938510955604,112.0,0.9445100354191327,2.976600137646246,91.0,346.0,11896.0,0.0,3.15,-0.2126155878467637
2005-03-01,3847,3920,11897,5889,18.4566,-73,0.981377551020408,-1.0545267489711962,3.813559322033888,1.799417835406203,13.00086480253675,3848.3333333333335,3836.0,12.333333333333334,1.0032151546750088,43999.0,44036.0,0.9991597783631574,-73.0,-0.609857978279027,-0.3100385453326582,37.0,-37.0,11908.333333333334,0.0,3.10140771637122,-0.13902944209872503
2005-04-01,3586,3760,11723,5926,19.0442,-174,0.9537234042553192,-6.784507408370155,-4.081632653061229,-7.458064516129037,1.4297275424871805,3773.6666666666665,3818.6666666666665,-45.0,0.9882157821229052,43710.0,44089.0,0.9914037515026424,-174.0,-1.462553584937376,-3.1317137663196215,-135.0,-379.0,11863.333333333334,0.0,3.06991969273743,-0.06242159457436003
2005-05-01,3682,3686,11719,5810,19.3043,-4,0.9989148128052088,2.6770775237032973,-1.9680851063829772,-8.225324027916248,0.0271370420624084,3705.0,3788.6666666666665,-83.66666666666667,0.9779165933485836,43380.0,44090.0,0.9838965751871173,-4.0,-0.03412095879894439,-5.712446697240326,-251.0,-710.0,11779.666666666666,0.0,3.0931726200950203,-0.05682737990497966
2005-06-01,3660,3654,11725,5826,19.5147,6,1.0016420361247949,-0.5975013579576305,-0.868149755832881,-4.2386185243328045,0.8834897846493606,3642.6666666666665,3700.0,-57.333333333333336,0.9845045045045044,43218.0,44122.0,0.9795113548796519,6.0,0.051198907756644374,-7.158128117824059,-172.0,-904.0,11722.333333333334,0.0,3.168918918918919,0.06751120254769871
2005-07-01,3279,3453,11551,5930,19.8457,-174,0.9496090356211988,-10.409836065573774,-5.500821018062396,0.4903463070793812,-4.560530679933661,3540.333333333333,3597.6666666666665,-57.333333333333336,0.9840637450199204,43234.0,43957.0,0.9835521077416566,-174.0,-1.4840085287846527,-5.890500244419094,-172.0,-723.0,11665.0,0.0,3.210692115259891,0.1407724225224607
2005-08-01,3861,3702,11710,5816,20.3867,159,1.0429497568881685,17.749313815187563,7.21112076455257,4.69088937093276,6.196213425129082,3600.0,3603.0,-3.0,0.9991673605328892,43407.0,44173.0,0.9826590903945849,159.0,1.3765041987706672,-6.139788393715939,-9.0,-766.0,11662.0,0.0,3.2500693866222594,0.15689676652723916
2005-09-01,3747,3749,11708,6159,21.0523,-2,0.9994665244065084,-2.952602952602956,1.269584008643987,10.890796093518794,9.3002915451895,3629.0,3634.6666666666665,-5.666666666666667,0.9984409391049156,43775.0,44492.0,0.9838847433246426,-2.0,-0.0170794192997481,-5.7706237424547275,-17.0,-717.0,11656.333333333334,0.0,3.2212032281731475,0.05228430925422867
2005-10-01,3743,3733,11718,6114,21.5116,10,1.00267881060809,-0.1067520683213252,-0.4267804747932757,24.68354430379747,8.675400291120816,3783.6666666666665,3728.0,55.66666666666666,1.014932045779685,44516.0,44790.0,0.9938825630721143,10.0,0.08541168431841495,-2.2848565710473667,167.0,-274.0,11712.0,0.0,3.1432403433476397,-0.06745177191225116
2005-11-01,3750,3762,11706,6105,21.5232,-12,0.9968102073365231,0.1870157627571478,0.7768550763461057,3.5911602209944826,0.7768550763461057,3746.6666666666665,3748.0,-1.3333333333333333,0.9996442547136252,44646.0,44819.0,0.9961400298980343,-12.0,-0.10240655401945187,-1.4563515447428288,-4.0,-173.0,11710.666666666666,0.0,3.1232657417289222,-0.12680364489333718
2005-12-01,3988,3770,11924,6054,21.7009,218,1.0578249336870027,6.346666666666656,0.2126528442317976,5.14104930134458,-1.1017838405036673,3827.0,3755.0,72.0,1.0191744340878828,44841.0,44777.0,1.001429305223664,218.0,1.8622928412779682,0.5396290050590169,216.0,64.0,11782.666666666666,0.0,3.1754993342210387,-0.04570389395210883
2006-01-01,3603,3698,11829,6206,21.8082,-95,0.9743104380746348,-9.653961885656967,-1.9098143236074283,-5.433070866141732,-2.99055613850997,3780.3333333333335,3743.3333333333335,37.0,1.0098842386464826,44634.0,44663.0,0.9993506929673331,-95.0,-0.796712512579667,-0.24456063417102047,111.0,-29.0,11819.666666666666,0.0,3.1600178094390023,0.01677746609136266
2006-02-01,3724,3850,11703,6134,22.1027,-126,0.9672727272727272,3.358312517346662,4.110329908058419,-4.218106995884774,1.959745762711873,3771.6666666666665,3772.6666666666665,-1.0,0.999734935500972,44470.0,44737.0,0.9940317857701678,-126.0,-1.065178797869637,-2.2305764411027607,-3.0,-267.0,11818.666666666666,0.0,3.102049832125817,-0.021215909603105043
2006-03-01,4081,3840,11944,6273,21.9577,241,1.0627604166666669,9.586466165413544,-0.2597402597402598,6.082661814400825,-2.0408163265306145,3802.6666666666665,3796.0,6.666666666666667,1.001756234632947,44704.0,44657.0,1.0010524665785878,241.0,2.0593010339229334,0.3950575775405474,20.0,47.0,11825.333333333334,0.0,3.146469968387777,-0.029029365833261878
2006-04-01,4394,3789,12549,6347,21.8225,605,1.1596727368698865,7.669688801764263,-1.3281250000000022,22.532069157836037,0.7712765957446743,4066.3333333333335,3826.3333333333335,240.0,1.0627232337311612,45512.0,44686.0,1.018484536543884,605.0,5.065304755525779,7.045977991981567,720.0,826.0,12065.333333333334,0.0,3.2796410837180936,0.11962327427909125
2006-05-01,3863,3863,12549,6654,21.9945,0,1.0,-12.08466090122895,1.9530219055159612,4.915806626833241,4.801953336950615,4112.666666666667,3830.6666666666665,282.0,1.073616428820049,45693.0,44863.0,1.0185007690078685,0.0,0.0,7.0825155730011025,846.0,830.0,12347.333333333334,0.0,3.2759310824921686,0.17388125036635138
2006-06-01,4058,3942,12665,6805,22.1243,116,1.0294266869609336,5.047890240745545,2.045042712917411,10.874316939890717,7.881773399014769,4105.0,3864.6666666666665,240.33333333333331,1.06218733827842,46091.0,45151.0,1.0208190294788597,116.0,0.9243764443382041,8.017057569296382,721.0,940.0,12587.666666666666,0.0,3.277126099706745,0.13065613131896825
2006-07-01,4204,3986,12883,6725,22.1712,218,1.054691419969895,3.597831444061117,1.1161846778285245,28.209820067093627,15.43585288155227,4041.6666666666665,3930.3333333333335,111.33333333333331,1.028326689848189,47016.0,45684.0,1.0291568163908589,218.0,1.7212791156731244,11.531469136871264,334.0,1332.0,12699.0,0.0,3.2778390297684674,-0.0018020539496261812
2006-08-01,3740,3989,12634,6919,22.9459,-249,0.9375783404361996,-11.037107516650812,0.0752634219769232,-3.1339031339031376,7.752566180442999,4000.6666666666665,3972.3333333333335,28.33333333333333,1.007132667617689,46895.0,45971.0,1.0200996280263646,-249.0,-1.9327796320732782,7.890691716481646,85.0,924.0,12727.333333333334,0.0,3.1804984475958715,-0.09543263489629705
2006-09-01,4208,4074,12768,6721,23.5311,134,1.0328915071183111,12.513368983957228,2.130859864627732,12.303175874032558,8.668978394238458,4050.6666666666665,4016.3333333333335,34.333333333333336,1.0085484272553735,47356.0,46296.0,1.022896146535338,134.0,1.0606300459078621,9.053638537751961,103.0,1060.0,12761.666666666666,0.0,3.1790190057266163,-0.09810709398012873
2006-10-01,4267,4057,12978,6798,23.8685,210,1.051762385999507,1.4020912547528577,-0.4172803141875292,13.999465669249256,8.679346370211615,4071.6666666666665,4040.0,31.666666666666668,1.0078382838283828,47880.0,46620.0,1.027027027027027,210.0,1.6447368421052655,10.752688172043001,95.0,1260.0,12793.333333333334,0.0,3.2123762376237623,-0.06546279214470507
2006-11-01,3931,4102,12807,6968,24.1796,-171,0.9583130180399804,-7.87438481368643,1.109193985703727,4.826666666666668,9.037745879851132,4135.333333333333,4077.6666666666665,57.66666666666666,1.0141420747159322,48061.0,46960.0,1.0234454855195911,-171.0,-1.3176144244105403,9.405433111225015,173.0,1101.0,12851.0,0.0,3.140766778386332,-0.03973166920953952
2006-12-01,4284,4278,12813,6956,24.4525,6,1.0014025245441796,8.979903332485373,4.290589956118973,7.422266800401212,13.474801061007955,4160.666666666667,4145.666666666667,15.0,1.0036182359089814,48357.0,47468.0,1.0187284065054352,6.0,0.04684937924572807,7.455551828245555,45.0,889.0,12866.0,0.0,3.090697113451797,-0.08832189227481946
2007-01-01,4305,4145,12973,6937,24.6575,160,1.0386007237635706,0.4901960784313708,-3.1089294062646045,19.48376353039134,12.087614926987555,4173.333333333333,4175.0,-1.6666666666666667,0.9996007984031936,49059.0,47915.0,1.0238756130648023,160.0,1.2487317568094847,9.671147180657712,-5.0,1144.0,12864.333333333334,0.0,3.107305389221557,-0.10507084840220537
2007-02-01,4424,4204,13193,6950,25.0646,220,1.0523311132254995,2.764227642276418,1.4234016887816558,18.796992481203013,9.1948051948052,4337.666666666667,4209.0,128.66666666666666,1.0305694147461788,49759.0,48269.0,1.0308686734757297,220.0,1.6958298003545869,12.731778176535924,386.0,1490.0,12993.0,0.0,3.1344737467331907,-0.006293031653141323
2007-03-01,4043,4259,12977,6876,26.0529,-216,0.9492838694529232,-8.612115732368897,1.3082778306374945,-0.9311443273707476,10.911458333333336,4257.333333333333,4202.666666666667,54.66666666666666,1.0130076142131978,49721.0,48688.0,1.0212167269142294,-216.0,-1.6372318653831597,8.648693904889493,164.0,1033.0,13047.666666666666,0.0,3.087801395939086,-0.0028957175127106716
2007-04-01,4136,4223,12890,6970,27.0673,-87,0.9793985318493962,2.3002720751916783,-0.8452688424512744,-5.871643149749661,11.454209553972028,4201.0,4228.666666666667,-27.666666666666668,0.9934573545640863,49463.0,49122.0,1.0069418997597819,-87.0,-0.6704168914232866,2.717347995856234,-83.0,341.0,13020.0,0.0,3.048242156708182,-0.059063232513374864
2007-05-01,4252,4202,12940,6919,27.624,50,1.0118990956687293,2.8046421663442844,-0.4972768174283715,10.06989386487187,8.775563033911471,4143.666666666667,4228.0,-84.33333333333333,0.9800536108483128,49852.0,49461.0,1.0079052182527648,50.0,0.38789759503490284,3.1157861184158087,-253.0,391.0,12935.666666666666,0.0,3.0605487228003785,-0.0739250239328122
2007-06-01,4022,4280,12682,6769,28.404,-258,0.9397196261682244,-5.409219190968962,1.856258924321752,-0.8871365204534243,8.574327752409939,4136.666666666667,4235.0,-98.33333333333331,0.9767807949626132,49816.0,49799.0,1.0003413723167132,-258.0,-1.9938176197836222,0.13422818791946067,-295.0,17.0,12837.333333333334,0.0,2.99456906729634,-0.09323232864274633
2007-07-01,4304,4088,12898,6805,29.4484,216,1.0528375733855186,7.011437095972162,-4.485981308411214,2.37868696479544,2.5589563472152577,4192.666666666667,4190.0,2.6666666666666665,1.0006364359586315,49916.0,49901.0,1.0003005951784534,216.0,1.703201387793718,0.11643250795623228,8.0,15.0,12840.0,0.0,3.0782816229116947,0.03003946620351261
2007-08-01,4346,4136,13108,6866,29.9392,210,1.0507736943907158,0.975836431226762,1.1741682974559795,16.20320855614974,3.685134118826783,4224.0,4168.0,56.0,1.0134357005758157,50522.0,50048.0,1.0094709079283888,210.0,1.6281594045588488,3.7517809086591747,168.0,474.0,12896.0,0.0,3.1449136276391556,0.08436490483877712
2007-09-01,4047,4255,12900,6997,30.6273,-208,0.9511163337250294,-6.879889553612517,2.877176015473881,-3.8260456273764287,4.44280805105548,4232.333333333333,4159.666666666667,72.66666666666667,1.017469348505489,50361.0,50229.0,1.0026279639252225,-208.0,-1.5868172108636003,1.0338345864661758,218.0,132.0,12968.666666666666,0.0,3.1012100328551964,0.1066409655588565
2007-10-01,4433,4115,13218,7101,31.9479,318,1.0772782503037668,9.537929330368168,-3.290246768507643,3.8903210686665135,1.4296278037959187,4275.333333333333,4168.666666666667,106.66666666666669,1.02558771789541,50527.0,50287.0,1.0047726052458885,318.0,2.4651162790697567,1.8492834026814675,320.0,240.0,13075.333333333334,0.0,3.170798016951863,0.09251639404016831
2007-11-01,4251,4201,13268,7144,33.2623,50,1.0119019281123542,-4.105571847507328,2.0899149453220023,8.140422284406013,2.4134568503169085,4243.666666666667,4190.333333333333,53.333333333333336,1.0127277066263625,50847.0,50386.0,1.0091493668876275,50.0,0.3782720532607087,3.599593972046544,160.0,461.0,13128.666666666666,0.0,3.166335215973272,0.021421588334116226
2007-12-01,3981,4238,13011,7225,34.4632,-257,0.9393581878244456,-6.351446718419195,0.8807426803142171,-7.072829131652658,-0.935016362786345,4221.666666666667,4184.666666666667,37.0,1.008841803409272,50544.0,50346.0,1.0039327851269217,-257.0,-1.9369912571600811,1.5453055490517453,111.0,198.0,13165.666666666666,0.0,3.109208220487494,0.007998187632297427
2008-01-01,4359,4275,13095,7086,34.629,84,1.0196491228070177,9.495101733232849,0.8730533270410623,1.2543554006968716,3.1363088057901,4197.0,4238.0,-41.0,0.9903256252949504,50598.0,50476.0,1.0024169902527935,84.0,0.6456075628314517,0.9404147074693503,-123.0,122.0,13124.666666666666,0.0,3.089900896649363,-0.08089712030250018
2008-02-01,4293,4191,13197,7222,35.8672,102,1.0243378668575518,-1.5141087405368236,-1.9649122807017585,-2.9611211573236877,-0.3092293054234085,4211.0,4234.666666666667,-23.666666666666668,0.99441120906801,50467.0,50463.0,1.000079265996869,102.0,0.7789232531500545,0.030319108618215296,-71.0,4.0,13101.0,0.0,3.1164200251889165,-0.04991519078435536
2008-03-01,4550,4304,13443,7278,36.9496,246,1.0571561338289963,5.986489634288383,2.696253877356236,12.540192926045023,1.0565860530640905,4400.666666666667,4256.666666666667,144.0,1.0338292873923258,50974.0,50508.0,1.0092262611863467,246.0,1.864060013639457,3.590968636818981,432.0,466.0,13245.0,0.0,3.1581049334377447,0.04889671295025089
2008-04-01,4187,4282,13348,7125,37.1894,-95,0.9778141055581504,-7.978021978021976,-0.5111524163568748,1.2330754352031017,1.397111058489231,4343.333333333333,4259.0,84.33333333333333,1.0198012052907568,51025.0,50567.0,1.009057290327684,-95.0,-0.706687495350744,3.553141970519791,253.0,458.0,13329.333333333334,0.0,3.1340690302888,0.04416813363943728
2008-05-01,4155,4306,13197,7139,37.4433,-151,0.9649326521133302,-0.7642703606400736,0.5604857543204167,-2.2812793979303803,2.4750118990956693,4297.333333333333,4297.333333333333,0.0,1.0,50928.0,50671.0,1.0050719346371693,-151.0,-1.1312556188192935,1.9860896445131448,0.0,257.0,13329.333333333334,0.0,3.0709742475954083,-0.04544577759350821
2008-06-01,4395,4303,13289,7097,37.5504,92,1.0213804322565652,5.776173285198549,-0.0696702275894134,9.27399303828942,0.5373831775700832,4245.666666666667,4297.0,-51.333333333333336,0.9880536808626174,51301.0,50694.0,1.0119738036059494,92.0,0.6971281351822345,4.786311307364777,-154.0,607.0,13278.0,0.0,3.092622760065162,-0.06548217337258277
2008-07-01,3737,3967,13059,7263,36.5835,-230,0.9420216788505168,-14.971558589306031,-7.808505693702072,-13.173791821561345,-2.959882583170259,4095.6666666666665,4192.0,-96.33333333333331,0.9770197201017812,50734.0,50573.0,1.0031835168963676,-230.0,-1.7307547595755923,1.2482555434951248,-289.0,161.0,13181.666666666666,0.0,3.1152194656488548,-0.01884956463994536
2008-08-01,4068,4068,13059,7223,36.2134,0,1.0,8.85737222370886,2.5460045374338325,-6.3966866083755125,-1.6441005802707909,4066.6666666666665,4112.666666666667,-46.0,0.988815042956719,50456.0,50505.0,0.999029799029799,0.0,0.0,-0.37381751602074687,-138.0,-49.0,13135.666666666666,0.0,3.1753120440914246,0.10433779649601638
2008-09-01,4238,4252,13045,7125,35.4506,-14,0.9967074317968015,4.178957718780718,4.523107177974439,4.719545342228804,-0.0705052878965939,4014.3333333333335,4095.6666666666665,-81.33333333333333,0.9801416130870026,50647.0,50502.0,1.0028711734188744,-14.0,-0.10720575848074398,1.1240310077519355,-244.0,145.0,13054.333333333334,0.0,3.1850736550826078,0.09245089501744586
2008-10-01,3556,3785,12816,7039,33.0694,-229,0.9394980184940556,-16.092496460594617,-10.98306679209784,-19.783442364087524,-8.019441069258814,3954.0,4035.0,-81.0,0.9799256505576208,49770.0,50172.0,0.991987562784023,-229.0,-1.7554618627826701,-3.041307308216068,-243.0,-402.0,12973.333333333334,0.0,3.1762081784386615,0.060988712789806776
2008-11-01,3400,3631,12585,6974,29.6703,-231,0.936381162214266,-4.386951631046121,-4.068692206076618,-20.01881910138791,-13.56819804808379,3731.3333333333335,3889.3333333333335,-158.0,0.9593760713061364,48919.0,49602.0,0.9862303939357284,-231.0,-1.8024344569288364,-5.147723846849561,-474.0,-683.0,12815.333333333334,0.0,3.2357730545080563,0.060461010416631655
2008-12-01,3354,3541,12398,6743,26.4554,-187,0.947190059305281,-1.35294117647059,-2.478656017626002,-15.749811605124345,-16.446436998584236,3436.6666666666665,3652.3333333333335,-215.66666666666663,0.9409509902345532,48292.0,48905.0,0.9874654943257336,-187.0,-1.485895907826773,-4.711398047805703,-647.0,-613.0,12599.666666666666,0.0,3.3945423017249245,0.2094686466423168
2009-01-01,2969,3332,12035,6646,25.7565,-363,0.8910564225690276,-11.478831246273105,-5.902287489409774,-31.88804771736636,-22.058479532163744,3241.0,3501.3333333333335,-260.3333333333333,0.9256473724295506,46902.0,47962.0,0.9778991701763896,-363.0,-2.927891595418619,-8.094692630775102,-781.0,-1060.0,12339.333333333334,0.0,3.4372619954303123,0.26105381699165076
2009-02-01,2807,3246,11596,6573,26.4467,-439,0.8647566235366605,-5.456382620410915,-2.5810324129651896,-34.61448870253901,-22.54831782390837,3043.333333333333,3373.0,-329.6666666666667,0.9022630694732682,45416.0,47017.0,0.9659484867175703,-439.0,-3.6476942251765676,-12.131545048116998,-989.0,-1601.0,12009.666666666666,0.0,3.4378891194782093,0.202116064970153
2009-03-01,3040,3232,11404,6404,27.437,-192,0.9405940594059404,8.300676879230483,-0.4313000616142926,-33.18681318681319,-24.907063197026027,2938.6666666666665,3270.0,-331.3333333333333,0.8986748216106014,43906.0,45945.0,0.9556208510175209,-192.0,-1.6557433597792381,-15.167745294949043,-994.0,-2039.0,11678.333333333334,0.0,3.4874617737003057,0.0929194719753812
2009-04-01,2855,3059,11200,6315,28.1607,-204,0.9333115397188624,-6.085526315789469,-5.35272277227723,-31.812753761643187,-28.56141989724428,2900.6666666666665,3179.0,-278.3333333333333,0.9124462619272308,42574.0,44722.0,0.9519699476767587,-204.0,-1.7888460189407263,-16.092298471681154,-835.0,-2148.0,11400.0,0.0,3.523120478137779,0.08585848270746688
2009-05-01,2756,2989,10967,6202,28.8107,-233,0.9220475075276012,-3.4676007005253973,-2.2883295194508046,-33.67027677496992,-30.585229911751043,2883.6666666666665,3093.3333333333335,-209.66666666666663,0.9322198275862068,41175.0,43405.0,0.9486234304803594,-233.0,-2.0803571428571477,-16.89777979843904,-629.0,-2230.0,11190.333333333334,0.0,3.5453663793103445,0.10747725983213519
2009-06-01,3077,3086,10958,6125,29.5193,-9,0.9970836033700584,11.647314949201748,3.2452325192372067,-29.988623435722417,-28.28259353939112,2896.0,3044.6666666666665,-148.66666666666666,0.9511714473396105,39857.0,42188.0,0.9447473215132265,-9.0,-0.08206437494301388,-17.540823237263904,-446.0,-2331.0,11041.666666666666,0.0,3.599080359097876,0.11161858539757041
2009-07-01,3057,3029,10986,5959,30.8125,28,1.009243974909211,-0.6499837504062356,-1.8470511989630567,-18.1964142360182,-23.645071842702293,2963.333333333333,3034.6666666666665,-71.33333333333333,0.9764938488576452,39177.0,41250.0,0.9497454545454546,28.0,0.2555210804891406,-15.874109809326898,-214.0,-2073.0,10970.333333333334,0.0,3.6201669595782078,0.0970464814404286
2009-08-01,3021,2994,11013,5921,31.7491,27,1.0090180360721444,-1.177625122669279,-1.155496863651373,-25.737463126843664,-26.40117994100295,3051.6666666666665,3036.3333333333335,15.333333333333334,1.0050499505983093,38130.0,40176.0,0.9490740740740741,27.0,0.24576734025123503,-15.66735584654262,46.0,-2046.0,10985.666666666666,0.0,3.627072126468328,0.0817057471579834
2009-09-01,3261,3128,11146,5910,33.2342,133,1.0425191815856778,7.944389275074482,4.475617902471618,-23.053327041057106,-26.434619002822203,3113.0,3050.3333333333335,62.66666666666666,1.020544202819364,37153.0,39052.0,0.951372528935778,133.0,1.2076636702079258,-14.557301648141053,188.0,-1899.0,11048.333333333334,0.0,3.6540268823079445,0.05494652321006832
2009-10-01,2967,3147,10966,5835,34.4543,-180,0.9428026692087702,-9.01563937442502,0.6074168797953972,-16.563554555680536,-16.85601056803171,3083.0,3089.6666666666665,-6.666666666666667,0.9978422699320316,36564.0,38414.0,0.951840474826886,-180.0,-1.6149291225551754,-14.435081148564299,-20.0,-1850.0,11041.666666666666,0.0,3.549250188801381,-0.07091677077682679
2009-11-01,3338,3105,11199,5856,35.6256,233,1.0750402576489533,12.50421300977418,-1.3346043851286904,-1.8235294117647016,-14.486367391903055,3188.6666666666665,3126.6666666666665,62.0,1.0198294243070365,36502.0,37888.0,0.9634184966216216,233.0,2.1247492248768873,-11.013110846245533,186.0,-1386.0,11103.666666666666,0.0,3.581769722814499,-0.04530240365382898
2009-12-01,3257,3222,11234,6068,35.8859,35,1.010862818125388,-2.426602756141405,3.768115942028994,-2.892069171138933,-9.00875458909912,3187.333333333333,3158.0,29.33333333333333,1.00928857926958,36405.0,37569.0,0.9690170087039847,35.0,0.31252790427716004,-9.388611066301012,88.0,-1164.0,11133.0,0.0,3.557314756174794,-0.09671212613315028
2010-01-01,3573,3391,11416,5975,37.7084,182,1.0536714833382483,9.702179920171927,5.245189323401611,20.34355001684069,1.770708283313316,3389.333333333333,3239.3333333333335,150.0,1.0463058242436716,37009.0,37628.0,0.9835494844264909,182.0,1.6200818942496031,-5.143331948483587,450.0,-619.0,11283.0,0.0,3.5241819304383615,-0.025068258363019513
2010-02-01,3586,3387,11615,5883,39.7907,199,1.0587540596397993,0.3638399104394008,-0.117959304040105,27.75204845030281,4.3438077634011085,3472.0,3333.3333333333335,138.66666666666666,1.0416,37788.0,37769.0,1.0005030580634913,199.0,1.743167484232666,0.16384960331148335,416.0,19.0,11421.666666666666,0.0,3.4844999999999997,-0.0972697228144992
2010-03-01,3500,3335,11780,6085,41.8052,165,1.0494752623688155,-2.3982152816508617,-1.5352819604369627,15.131578947368428,3.1868811881188064,3553.0,3371.0,182.0,1.0539899139721152,38248.0,37872.0,1.0099281791297001,165.0,1.420576840292731,3.2970887407927085,546.0,376.0,11603.666666666666,0.0,3.494512014239098,-0.06280274193569602
2010-04-01,3629,3486,11923,6154,43.3374,143,1.0410212277682158,3.685714285714292,4.527736131934024,27.110332749562183,13.958810068649896,3571.6666666666665,3402.6666666666665,169.0,1.0496669278996866,39022.0,38299.0,1.018877777487663,143.0,1.2139219015280034,6.455357142857143,507.0,723.0,11772.666666666666,0.0,3.504016457680251,-0.020165472758110425
2010-05-01,3563,3399,12087,6342,44.5459,164,1.0482494851426891,-1.818682832736296,-2.495697074010328,29.281567489114657,13.716962194713943,3564.0,3406.6666666666665,157.33333333333334,1.0461839530332682,39829.0,38709.0,1.0289338396755277,164.0,1.3754927451144816,10.212455548463574,472.0,1120.0,11930.0,0.0,3.5480430528375737,0.063543052837574
2010-06-01,3515,3371,12231,6445,44.9888,144,1.042717294571344,-1.3471793432500712,-0.8237716975581066,14.234644133896657,9.235255994815294,3569.0,3418.6666666666665,150.33333333333334,1.043974258970359,40267.0,38994.0,1.0326460481099657,144.0,1.1913626209977712,11.61708340938128,451.0,1273.0,12080.333333333334,0.0,3.5777106084243373,0.08319859418523912
2010-07-01,3522,3543,12210,6455,45.9565,-21,0.9940728196443692,0.1991465149359994,5.102343518243835,15.21099116781157,16.96929679762298,3533.333333333333,3437.6666666666665,95.66666666666669,1.0278289537476972,40732.0,39508.0,1.0309810671256454,-21.0,-0.17169487368162706,11.141452758055713,287.0,1224.0,12176.0,0.0,3.5518277901677497,0.04781133248749869
2010-08-01,3566,3600,12176,6574,46.8431,-34,0.9905555555555556,1.249290176036344,1.608806096528359,18.040383978814955,20.240480961923858,3534.333333333333,3504.6666666666665,29.666666666666668,1.008464903937607,41277.0,40114.0,1.0289923717405394,-34.0,-0.27846027846027965,10.560246980840816,89.0,1163.0,12205.666666666666,0.0,3.474224843066388,-0.07381820977118592
2010-09-01,3480,3530,12126,6664,47.6073,-50,0.9858356940509916,-2.411665731912505,-1.9444444444444489,6.7157313707451705,12.851662404092078,3522.6666666666665,3557.6666666666665,-35.0,0.9901620912583152,41496.0,40516.0,1.02418797512094,-50.0,-0.4106438896189224,8.792391889467076,-105.0,980.0,12170.666666666666,0.0,3.4084137543333646,-0.16929685409097273
2010-10-01,3642,3626,12142,6984,48.4053,16,1.0044125758411473,4.655172413793096,2.719546742209622,22.750252780586443,15.220845249443917,3562.6666666666665,3585.3333333333335,-22.666666666666668,0.9936779471922648,42171.0,40995.0,1.0286864251738017,16.0,0.13194788058716878,10.724056173627572,-68.0,1176.0,12148.0,0.0,3.3865749349200445,-0.16525285524770528
2010-11-01,3681,3618,12205,6910,50.1826,63,1.0174129353233832,1.0708401976935678,-0.2206287920573646,10.275614140203704,16.521739130434774,3601.0,3591.3333333333335,9.666666666666666,1.0026916651197326,42514.0,41508.0,1.0242362917991712,63.0,0.5188601548344662,8.982944905795165,29.0,1006.0,12157.666666666666,0.0,3.3984592537590492,-0.07576558930733857
2010-12-01,3737,3550,12392,6807,52.5176,187,1.0526760563380282,1.521325726704692,-1.87949143173024,14.737488486337114,10.180012414649276,3686.6666666666665,3598.0,88.66666666666667,1.0246433203631646,42994.0,41836.0,1.027679510469452,187.0,1.532158951249496,10.307993590884813,266.0,1158.0,12246.333333333334,0.0,3.444135630906059,0.035721876572694544
2011-01-01,3508,3663,12237,6942,53.7716,-155,0.9576849576849576,-6.127910088306132,3.183098591549305,-1.8191995521970368,8.02123267472723,3642.0,3610.3333333333335,31.666666666666668,1.008771119933524,42929.0,42108.0,1.019497482663627,-155.0,-1.2508069722401594,7.191660826909607,95.0,821.0,12278.0,0.0,3.389437725048472,0.002862790128427495
2011-02-01,3456,3644,12049,6972,54.1177,-188,0.9484083424807904,-1.4823261117445807,-0.5187005187005211,-3.6252091466815406,7.587835842928836,3567.0,3619.0,-52.0,0.9856313898867092,42799.0,42365.0,1.010244305440812,-188.0,-1.5363242624826356,3.7365475678002635,-156.0,434.0,12226.0,0.0,3.3293727549046697,-0.06908649885437956
2011-03-01,3641,3685,12005,6941,53.7497,-44,0.9880597014925372,5.353009259259256,1.1251372118550984,4.028571428571426,10.494752623688154,3535.0,3664.0,-129.0,0.964792576419214,42940.0,42715.0,1.005267470443638,-44.0,-0.3651755332392703,1.9100169779286968,-387.0,225.0,12097.0,0.0,3.2764737991266375,-0.16766183177942162
2011-04-01,3812,3675,12142,7050,53.7194,137,1.037278911564626,4.6965119472672345,-0.2713704206241507,5.042711490768803,5.421686746987953,3636.3333333333335,3668.0,-31.666666666666668,0.9913667757179208,43123.0,42904.0,1.005104419168376,137.0,1.141191170345679,1.8367860437809247,-95.0,219.0,12065.333333333334,0.0,3.3102508178844054,-0.07918690716406651
2011-05-01,3661,3716,12087,6977,54.0203,-55,0.985199138858988,-3.961175236096537,1.1156462585034,2.7504911591355707,9.32627243306854,3704.6666666666665,3692.0,12.666666666666666,1.0034308414590103,43221.0,43221.0,1.0,-55.0,-0.4529731510459545,0.0,38.0,0.0,12078.0,0.0,3.2738353196099674,-0.05553743529470223
2011-06-01,3473,3543,12017,6871,54.2273,-70,0.9802427321478973,-5.135208959300741,-4.6555435952637225,-1.19487908961593,5.102343518243835,3648.6666666666665,3644.6666666666665,4.0,1.0010974940552406,43179.0,43393.0,0.9950683289931556,-70.0,-0.5791346074294657,-1.7496525222794546,12.0,-214.0,12082.0,0.0,3.2971465154563746,0.020672716329737106
2011-07-01,3405,3393,12029,7026,53.6659,12,1.0035366931918657,-1.9579614166426729,-4.23370025402201,-3.321976149914818,-4.23370025402201,3513.0,3550.6666666666665,-37.66666666666666,0.989391663537364,43062.0,43243.0,0.9958143514557269,12.0,0.09985853374385734,-1.4823914823914874,-113.0,-181.0,12044.333333333334,0.0,3.3878144949305296,0.0775636770461241
2011-08-01,3629,3664,11994,6953,55.0189,-35,0.9904475982532752,6.578560939794409,7.987032124963167,1.7666853617498646,1.777777777777767,3502.333333333333,3533.3333333333335,-31.0,0.9912264150943396,43125.0,43307.0,0.9957974461403468,-35.0,-0.29096350486325084,-1.4947437582128797,-93.0,-182.0,12013.333333333334,0.0,3.394528301886792,0.12069298227682479
2011-09-01,3619,3571,12042,6959,54.9714,48,1.0134416129935593,-0.2755580049600414,-2.5382096069868965,3.994252873563209,1.1614730878186874,3551.0,3542.6666666666665,8.333333333333334,1.00235227700414,43264.0,43348.0,0.9980621943342254,48.0,0.4002001000500188,-0.6927263730826305,25.0,-84.0,12021.666666666666,0.0,3.3991343620624765,0.10198784660610194
2011-10-01,3645,3579,12108,6953,54.7035,66,1.0184409052808048,0.7184305056645579,0.2240268832259806,0.0823723228995154,-1.2961941533370158,3631.0,3604.6666666666665,26.33333333333333,1.0073053449232476,43267.0,43301.0,0.9992147987344403,66.0,0.548081714001003,-0.2800197661011361,79.0,-34.0,12048.0,0.0,3.3589791011651564,-0.02883539376537314
2011-11-01,3595,3643,12060,6938,55.2388,-48,0.9868240461158386,-1.3717421124828544,1.7882089969265105,-2.3363216517250707,0.6909894969596486,3619.6666666666665,3597.6666666666665,22.0,1.0061150745853795,43181.0,43326.0,0.9966532797858099,-48.0,-0.3964321110009883,-1.1880376894715328,66.0,-145.0,12070.0,0.0,3.3521727045307146,-0.042355597356077634
2011-12-01,3612,3660,12012,6991,55.9485,-48,0.9868852459016394,0.4728789986091719,0.4666483667307153,-3.344929087503345,3.0985915492957705,3617.3333333333335,3627.3333333333335,-10.0,0.9972431538320162,43056.0,43436.0,0.9912514964545538,-48.0,-0.3980099502487566,-3.066494512588769,-30.0,-380.0,12060.0,0.0,3.3115236169821722,-0.08761074508030431
2012-01-01,3390,3540,11862,7004,56.5696,-150,0.9576271186440678,-6.146179401993357,-3.278688524590168,-3.3637400228050174,-3.357903357903358,3532.333333333333,3614.3333333333335,-82.0,0.9773125518767868,42938.0,43313.0,0.9913420912889894,-150.0,-1.2487512487512453,-3.0644765873988677,-246.0,-375.0,11978.0,0.0,3.2819330443604167,-0.07704605680473975
2012-02-01,3556,3668,11750,7035,57.7653,-112,0.9694656488549618,4.896755162241884,3.6158192090395502,2.893518518518512,0.658616904500553,3519.333333333333,3622.6666666666665,-103.33333333333331,0.9714758925285242,43038.0,43337.0,0.9931005837967557,-112.0,-0.9441915359973074,-2.481533737239605,-310.0,-299.0,11874.666666666666,0.0,3.243467059256533,-0.1087056452741817
2012-03-01,3504,3617,11637,7114,58.3927,-113,0.9687586397567044,-1.462317210348707,-1.3904034896401352,-3.762702554243336,-1.8453188602442383,3483.333333333333,3608.3333333333335,-125.0,0.9653579676674364,42901.0,43269.0,0.9914950657514617,-113.0,-0.9617021276595694,-3.065389421074549,-375.0,-368.0,11749.666666666666,0.0,3.2250346420323326,-0.08648897494983965
2012-04-01,3321,3480,11478,7013,59.087,-159,0.9543103448275864,-5.222602739726023,-3.787669339231403,-12.880377754459603,-5.306122448979589,3460.333333333333,3588.3333333333335,-128.0,0.964328843474222,42410.0,43074.0,0.9845846682453452,-159.0,-1.3663315287445243,-5.468621314445721,-384.0,-664.0,11621.666666666666,0.0,3.1986994890849973,-0.08323355527541931
2012-05-01,3511,3575,11414,6920,59.9974,-64,0.982097902097902,5.7211683227943455,2.7298850574712707,-4.097241190931444,-3.79440258342304,3445.333333333333,3557.3333333333335,-112.0,0.9685157421289357,42260.0,42933.0,0.9843244124566185,-64.0,-0.5575884300400791,-5.567965582857615,-336.0,-673.0,11509.666666666666,0.0,3.208583208395802,-0.03488385086073098
2012-06-01,3258,3456,11216,6907,61.0013,-198,0.9427083333333334,-7.205924238108796,-3.3286713286713288,-6.190613302620218,-2.455546147332765,3363.333333333333,3503.6666666666665,-140.33333333333334,0.9599467224812104,42045.0,42846.0,0.9813051393362274,-198.0,-1.7347117574908033,-6.665557127402844,-421.0,-801.0,11369.333333333334,0.0,3.2012177718580537,-0.023816870174278915
2012-07-01,3133,3241,11108,6897,60.6111,-108,0.966676951558161,-3.836709637814606,-6.221064814814814,-7.988252569750365,-4.479811376363097,3300.6666666666665,3424.0,-123.33333333333331,0.963979750778816,41773.0,42694.0,0.9784278821380054,-108.0,-0.962910128388017,-7.656496799401447,-370.0,-921.0,11246.0,0.0,3.244158878504673,0.045459389419675755
2012-08-01,3291,3426,10973,6785,59.8824,-135,0.9605954465849388,5.043089690392599,5.708114779389084,-9.31386056764949,-6.495633187772931,3227.333333333333,3374.3333333333335,-147.0,0.9564358391781091,41435.0,42456.0,0.975951573393631,-135.0,-1.2153402952826742,-8.512589628147404,-441.0,-1021.0,11099.0,0.0,3.251901610194606,0.043318401798804196
2012-09-01,3306,3405,10874,6830,60.984,-99,0.9709251101321584,0.4557885141294404,-0.6129597197898407,-8.648798010500137,-4.648557826939237,3243.333333333333,3357.3333333333335,-114.0,0.96604447974583,41122.0,42290.0,0.9723811775833531,-99.0,-0.9022145265652037,-9.699385484138844,-342.0,-1168.0,10985.0,0.0,3.238880063542494,0.03766229168444024
2012-10-01,3362,3409,10827,6818,62.4098,-47,0.9862129656790848,1.6938898971566865,0.1174743024963342,-7.764060356652946,-4.749930148086056,3319.6666666666665,3413.3333333333335,-93.66666666666669,0.97255859375,40839.0,42120.0,0.9695868945868946,-47.0,-0.4322236527496748,-10.579781962338952,-281.0,-1281.0,10891.333333333334,0.0,3.17197265625,-0.0721862222546732
2012-11-01,3378,3426,10779,6821,62.1728,-48,0.9859894921190894,0.4759071980963814,0.4986799647990647,-6.036161335187762,-5.956629151797966,3348.6666666666665,3413.3333333333335,-64.66666666666667,0.9810546875,40622.0,41903.0,0.9694293964632604,-48.0,-0.44333610418398894,-10.621890547263678,-194.0,-1281.0,10826.666666666666,0.0,3.15791015625,-0.09399145394460628
2012-12-01,3558,3552,10785,6867,62.3427,6,1.0016891891891893,5.328596802841923,3.677758318739044,-1.4950166112956853,-2.950819672131144,3432.6666666666665,3462.3333333333335,-29.666666666666668,0.9914315971887936,40568.0,41795.0,0.9706424213422659,6.0,0.05566379070414129,-10.214785214785216,-89.0,-1227.0,10797.0,0.0,3.1149513815346106,-0.12392868200788332
2013-01-01,3698,3614,10869,6705,62.7268,84,1.0232429441062534,3.9347948285553658,1.745495495495497,9.085545722713873,2.0903954802259817,3544.6666666666665,3530.6666666666665,14.0,1.003965256797583,40876.0,41869.0,0.9762831689316678,84.0,0.7788595271210008,-8.371269600404652,42.0,-993.0,10811.0,0.0,3.0784554380664653,-0.09351721818353464
2013-02-01,3528,3460,10937,6548,62.014,68,1.0196531791907515,-4.597079502433743,-4.261206419479802,-0.7874015748031482,-5.670665212649951,3594.6666666666665,3542.0,52.66666666666666,1.0148691887822323,40848.0,41661.0,0.980485346007057,68.0,0.6256325328917178,-6.919148936170217,158.0,-813.0,10863.666666666666,0.0,3.087803500846979,-0.07010665540302075
2013-03-01,3490,3414,11013,6492,62.6561,76,1.0222612770943176,-1.0770975056689336,-1.3294797687861235,-0.3995433789954372,-5.612385955211496,3572.0,3496.0,76.0,1.0217391304347827,40834.0,41458.0,0.9849486227024941,76.0,0.6948889092072807,-5.362206754318121,228.0,-624.0,10939.666666666666,0.0,3.1501716247139586,0.03522024317934802
2013-04-01,3675,3555,11133,6570,63.8934,120,1.0337552742616034,5.300859598853869,4.130052724077338,10.659439927732617,2.155172413793105,3564.333333333333,3476.3333333333335,88.0,1.0253140281906223,41188.0,41533.0,0.9916933522740953,120.0,1.0896213565785962,-3.0057501306847922,264.0,-345.0,11027.666666666666,0.0,3.2025122255249783,0.12405678745851301
2013-05-01,3521,3527,11127,6549,64.9148,-6,0.998298837538985,-4.190476190476189,-0.7876230661040817,0.284819139846193,-1.3426573426573385,3562.0,3498.6666666666665,63.333333333333336,1.0181021341463414,41198.0,41485.0,0.9930818368084849,-6.0,-0.05389382915655938,-2.5144559313124204,190.0,-287.0,11091.0,0.0,3.1803544207317076,0.09255091988472852
2013-06-01,3480,3464,11143,6554,65.7834,16,1.0046189376443415,-1.1644419199091205,-1.7862205840657783,6.813996316758741,0.231481481481488,3558.6666666666665,3515.3333333333335,43.333333333333336,1.0123269486061064,41420.0,41493.0,0.9982406671004748,16.0,0.1437943740451253,-0.650855920114124,130.0,-73.0,11134.333333333334,0.0,3.1698274227195142,0.019655798005555614
2013-07-01,3717,3533,11327,6479,66.8912,184,1.0520803849419758,6.810344827586201,1.9919168591224112,18.640280880944783,9.009564949089777,3572.6666666666665,3508.0,64.66666666666667,1.0184340554922082,42004.0,41785.0,1.005241115232739,184.0,1.651260881270744,1.9715520345696902,194.0,219.0,11199.0,0.0,3.2289053591790196,0.02639313365404128
2013-08-01,3325,3398,11254,6680,68.0148,-73,0.9785167745732783,-10.546139359698682,-3.821115199547132,1.0331206320267403,-0.8172796263864579,3507.333333333333,3465.0,42.333333333333336,1.0122174122174123,42038.0,41757.0,1.0067294106377374,-73.0,-0.6444777964156434,2.560831130957797,127.0,281.0,11241.333333333334,0.0,3.247907647907648,0.06755322717594048
2013-09-01,3382,3443,11193,6800,68.6801,-61,0.9822828928260238,1.7142857142857126,1.3243084167157138,2.298850574712641,1.1160058737151202,3474.6666666666665,3458.0,16.666666666666668,1.004819741661847,42114.0,41795.0,1.0076324919248714,-61.0,-0.5420295006219988,2.9336030899393073,50.0,319.0,11258.0,0.0,3.236842105263158,0.06701468254364373
2013-10-01,3732,3592,11333,6745,70.6466,140,1.0389755011135855,10.348905972797162,4.3276212605286135,11.005353955978592,5.368143150484017,3479.6666666666665,3477.6666666666665,2.0,1.0005750982459505,42484.0,41978.0,1.0120539330125304,140.0,1.250781738586615,4.673501431606164,6.0,506.0,11260.0,0.0,3.2587942106776575,0.02988885149863796
2013-11-01,3659,3636,11356,6666,71.7685,23,1.0063256325632564,-1.956055734190787,1.224944320712695,8.318531675547657,6.129597197898429,3591.0,3557.0,34.0,1.0095586168119202,42765.0,42188.0,1.0136768749407414,23.0,0.20294714550428417,5.353001206048802,102.0,577.0,11294.0,0.0,3.1925780151813328,-0.0553296327263153
2013-12-01,3541,3599,11298,6797,72.8464,-58,0.9838844123367602,-3.2249248428532384,-1.0176017601760123,-0.4777965148960117,1.3231981981981944,3644.0,3609.0,35.0,1.0096979772790249,42748.0,42235.0,1.0121463241387474,-58.0,-0.5107432194434658,4.7566063977746875,105.0,513.0,11329.0,0.0,3.1305070656691605,-0.10633503959399748
2014-01-01,3449,3596,11151,6881,74.522,-147,0.9591212458286984,-2.598136119740191,-0.0833564879133108,-6.733369388858845,-0.4980630879911407,3549.6666666666665,3610.3333333333335,-60.66666666666666,0.9831963807589326,42499.0,42217.0,1.0066797735509392,-147.0,-1.3011152416356864,2.5945349158156272,-182.0,282.0,11268.333333333334,0.0,3.0886344751177175,-0.17015973555994002
2014-02-01,3576,3587,11140,6846,76.7132,-11,0.9969333705046,3.682226732386207,-0.2502780867630672,1.3605442176870763,3.6705202312138807,3522.0,3594.0,-72.0,0.979966611018364,42547.0,42344.0,1.004794067636501,-11.0,-0.0986458613577268,1.8560848495931204,-216.0,203.0,11196.333333333334,0.0,3.099610461880913,-0.09296755330041995
2014-03-01,3417,3473,11084,6825,78.497,-56,0.9838756118629428,-4.446308724832216,-3.1781432952327826,-2.091690544412605,1.7281780902167476,3480.6666666666665,3552.0,-71.33333333333333,0.9799174174174172,42474.0,42403.0,1.0016744098294932,-56.0,-0.502692998204668,0.6446926359756633,-214.0,71.0,11125.0,0.0,3.1204954954954953,-0.010011570173665163
2014-04-01,3426,3476,11034,6734,80.0616,-50,0.9856156501726122,0.2633889376646214,0.0863806507342301,-6.775510204081636,-2.222222222222225,3473.0,3512.0,-39.0,0.9888952164009112,42225.0,42324.0,0.9976609016161043,-50.0,-0.45110068567304484,-0.8892481810832686,-117.0,-99.0,11086.0,0.0,3.1417995444191344,0.053165069301416956
2014-05-01,3417,3466,10985,6843,81.8774,-49,0.985862665897288,-0.2626970227670777,-0.2876869965477535,-2.953706333428008,-1.7295151686986143,3420.0,3471.6666666666665,-51.66666666666666,0.985117618819011,42121.0,42263.0,0.9966400870737998,-49.0,-0.44408192858437223,-1.2761750696503982,-155.0,-142.0,11034.333333333334,0.0,3.1641862698031686,0.06457580792225581
2014-06-01,3607,3598,10994,6818,82.4052,9,1.0025013896609227,5.560433128475273,3.808424697057133,3.649425287356322,3.8683602771362624,3483.333333333333,3513.3333333333335,-30.0,0.99146110056926,42248.0,42397.0,0.9964856003962544,9.0,0.08192990441511228,-1.3371623440725067,-90.0,-149.0,11004.333333333334,0.0,3.129222011385199,0.008726515889703634
2014-07-01,3575,3629,10940,6718,82.7456,-54,0.9851198677321577,-0.8871638480731914,0.8615897720956056,-3.820285176217375,2.7172374752335138,3533.0,3564.3333333333335,-31.33333333333333,0.9912092022818666,42106.0,42493.0,0.9908926176076059,-54.0,-0.49117700563944267,-3.416615167299375,-94.0,-387.0,10973.0,0.0,3.069297671373796,-0.07250187304533862
2014-08-01,3527,3561,10906,6821,82.6163,-34,0.9904521201909576,-1.3426573426573385,-1.873794433728304,6.075187969924811,4.796939376103593,3569.6666666666665,3596.0,-26.33333333333333,0.992677048572488,42308.0,42656.0,0.9918417104276069,-34.0,-0.310786106032912,-3.092233872400929,-79.0,-348.0,10946.666666666666,0.0,3.032814238042269,-0.1313720317608995
2014-09-01,3522,3582,10846,6740,82.6105,-60,0.983249581239531,-0.1417635384179161,0.5897219882055493,4.139562389118856,4.037176880627369,3541.333333333333,3590.6666666666665,-49.333333333333336,0.9862606758262162,42448.0,42795.0,0.9918915761187055,-60.0,-0.5501558774986259,-3.10015188063969,-148.0,-347.0,10897.333333333334,0.0,3.020608986260676,-0.10861302512452298
2014-10-01,3396,3406,10836,6777,82.3956,-10,0.9970640046975924,-3.5775127768313486,-4.913456169737573,-9.0032154340836,-5.178173719376389,3481.6666666666665,3516.3333333333335,-34.666666666666664,0.990141245615698,42112.0,42609.0,0.9883357976014457,-10.0,-0.0921998893601339,-4.38542310067943,-104.0,-497.0,10862.666666666666,0.0,3.0816191108161908,0.012321439442394944
2014-11-01,3105,3096,10845,6776,81.9877,9,1.002906976744186,-8.568904593639582,-9.1015854374633,-15.140748838480455,-14.851485148514854,3341.0,3361.3333333333335,-20.33333333333333,0.9939508131693772,41558.0,42069.0,0.9878532886448453,9.0,0.08305647840531893,-4.499823881648468,-61.0,-511.0,10842.333333333334,0.0,3.2263982546608485,0.19358401661857938
2014-12-01,3216,3281,10780,6882,82.1515,-65,0.9801889667784212,3.5748792270531293,5.975452196382425,-9.17819824908218,-8.835787718810783,3239.0,3261.0,-22.0,0.9932536031892056,41233.0,41751.0,0.9875931115422385,-65.0,-0.5993545412632528,-4.5848822800495626,-66.0,-518.0,10820.333333333334,0.0,3.3057344372891753,0.2851254510284993
2015-01-01,3447,3415,10812,6948,82.1504,32,1.0093704245973645,7.182835820895517,4.084120694910087,-0.0579878225572594,-5.033370411568406,3256.0,3264.0,-8.0,0.9975490196078431,41231.0,41570.0,0.9918450805869617,32.0,0.29684601113173503,-3.040086090933547,-24.0,-339.0,10812.333333333334,0.0,3.3125,0.23088088918380922
2015-02-01,3509,3467,10854,7131,81.8215,42,1.012114219786559,1.798665506237307,1.5226939970717446,-1.8736017897091672,-3.345413994981883,3390.6666666666665,3387.6666666666665,3.0,1.0008855652858408,41164.0,41450.0,0.9931001206272617,42.0,0.38845726970033745,-2.567324955116701,9.0,-286.0,10815.333333333334,0.0,3.2039752041719964,-0.02242305048885207
2015-03-01,3602,3682,10774,7226,81.026,-80,0.9782726778924498,2.6503277286976434,6.201326795500428,5.414105940883807,6.017852001151747,3519.333333333333,3521.3333333333335,-2.0,0.9994320333207118,41349.0,41659.0,0.992558630788065,-80.0,-0.7370554634236193,-2.796824251172858,-6.0,-310.0,10813.333333333334,0.0,3.0596365013252553,-0.24609793596391993
2015-04-01,3769,3772,10771,7210,80.5543,-3,0.999204665959703,4.636313159355909,2.4443237370993964,10.01167542323409,8.515535097813576,3626.6666666666665,3640.3333333333335,-13.666666666666666,0.9962457650398314,41692.0,41955.0,0.9937313788583005,-3.0,-0.027844811583443985,-2.383541779952869,-41.0,-263.0,10799.666666666666,0.0,2.958794982144492,-0.3537050178555079
2015-05-01,3642,3676,10737,7144,79.9374,-34,0.9907508161044614,-3.3695940567789906,-2.545068928950156,6.584723441615448,6.058857472590873,3671.0,3710.0,-39.0,0.989487870619946,41917.0,42165.0,0.9941183445986007,-34.0,-0.31566242688700896,-2.2576240327719654,-117.0,-248.0,10760.666666666666,0.0,2.8940700808625337,-0.30990512330946274
2015-06-01,3874,3812,10799,7111,80.4261,62,1.0162644281217208,6.370126304228441,3.699673558215455,7.402273357360678,5.947748749305171,3761.6666666666665,3753.3333333333335,8.333333333333334,1.0022202486678506,42184.0,42379.0,0.9953986644328559,62.0,0.5774424885908624,-1.773694742586862,25.0,-195.0,10769.0,0.0,2.8771758436944936,-0.1824606576307617
2015-07-01,3821,3852,10768,7156,79.8745,-31,0.9919522326064382,-1.3680949922560637,1.049317943336825,6.881118881118886,6.144943510608991,3779.0,3780.0,-1.0,0.9997354497354496,42430.0,42602.0,0.9959626308624008,-31.0,-0.28706361700157057,-1.5722120658135275,-3.0,-172.0,10768.0,0.0,2.8486772486772485,-0.11011773346724363
2015-08-01,3654,3652,10770,7110,80.2585,2,1.0005476451259585,-4.370583616854229,-5.192107995846317,3.6007938758151337,2.555461948890758,3783.0,3772.0,11.0,1.002916224814422,42557.0,42693.0,0.9968144660717213,2.0,0.01857355126300142,-1.247019988996878,33.0,-136.0,10779.0,0.0,2.85524920466596,-0.03882087619657382
2015-09-01,3543,3606,10707,7041,80.721,-63,0.9825291181364392,-3.037766830870281,-1.259583789704266,0.596252129471897,0.670016750418756,3672.6666666666665,3703.3333333333335,-30.666666666666668,0.9917191719171916,42578.0,42717.0,0.9967460261722499,-63.0,-0.5849582172701928,-1.281578462105848,-92.0,-139.0,10748.333333333334,0.0,2.891179117911791,0.014003274217297523
2015-10-01,3566,3553,10720,6980,81.048,13,1.0036588798198705,0.6491673722833768,-1.4697726012201873,5.005889281507647,4.315913094539048,3587.6666666666665,3603.6666666666665,-16.0,0.9955600776986404,42748.0,42864.0,0.9972937663307204,13.0,0.12141589614271808,-1.0705057216685132,-48.0,-116.0,10732.333333333334,0.0,2.9747479419110165,0.12607069323376807
2015-11-01,3444,3487,10677,6918,81.2548,-43,0.9876684829366216,-3.421200224341004,-1.8575851393188847,10.917874396135277,12.62919896640826,3517.6666666666665,3548.6666666666665,-31.0,0.9912643246289686,43087.0,43255.0,0.9961160559472894,-43.0,-0.40111940298507287,-1.5491009681880996,-93.0,-168.0,10701.333333333334,0.0,3.0087356753710317,0.15348647070507182
2015-12-01,3443,3399,10721,6934,82.4698,44,1.0129449838187703,-0.029036004645766,-2.5236593059936863,7.058457711442778,3.5964644925327693,3484.333333333333,3479.6666666666665,4.666666666666667,1.001341124628796,43314.0,43373.0,0.9986397067299934,44.0,0.4121007773719265,-0.5473098330241233,14.0,-59.0,10706.0,0.0,3.0810422454258073,0.18986312751401613
2016-01-01,3362,3394,10689,6909,81.6281,-32,0.990571596935769,-2.3525994772001124,-0.1471020888496599,-2.465912387583402,-0.6149341142020481,3416.333333333333,3426.6666666666665,-10.333333333333334,0.9969844357976656,43229.0,43352.0,0.9971627606569478,-32.0,-0.29847961943848533,-1.1376248612652629,-31.0,-123.0,10695.666666666666,0.0,3.1193579766536965,0.14461003474267997
2016-02-01,3329,3335,10683,6692,82.5464,-6,0.9982008995502248,-0.9815585960737616,-1.7383618149675928,-5.129666571672842,-3.807326218632823,3378.0,3376.0,2.0,1.0005924170616114,43049.0,43220.0,0.9960434983803794,-6.0,-0.05613247263541732,-1.5754560530679917,6.0,-171.0,10697.666666666666,0.0,3.1643957345971563,0.15566005922612458
2016-03-01,3425,3347,10761,6997,82.9313,78,1.0233044517478338,2.8837488735355965,0.3598200899550319,-4.913936701832311,-9.098316132536668,3372.0,3358.6666666666665,13.333333333333334,1.0039698292973402,42872.0,42885.0,0.9996968637052582,78.0,0.7301319853973531,-0.12066085019490913,40.0,-13.0,10711.0,0.0,3.2039499801508535,0.12290773472504624
2016-04-01,3384,3398,10747,6974,83.7862,-14,0.9958799293702176,-1.197080291970798,1.5237526142814373,-10.214911117007164,-9.91516436903499,3379.333333333333,3360.0,19.33333333333333,1.0057539682539682,42487.0,42511.0,0.999435440238997,-14.0,-0.13009943313818662,-0.22282053662612267,58.0,-24.0,10730.333333333334,0.0,3.198511904761905,0.07915392810820832
2016-05-01,3477,3449,10775,6979,84.7635,28,1.0081182951580168,2.7482269503546157,1.500882872277809,-4.530477759472817,-6.175190424374321,3428.6666666666665,3398.0,30.666666666666668,1.0090249166176182,42322.0,42284.0,1.0008986850818276,28.0,0.26053782450916607,0.35391636397503756,92.0,38.0,10761.0,0.0,3.1709829311359625,0.006587196538806239
2016-06-01,3363,3362,10776,7089,86.0963,1,1.0002974419988102,-3.278688524590168,-2.5224702812409405,-13.190500774393389,-11.804826862539352,3408.0,3403.0,5.0,1.0014692918013517,41811.0,41834.0,0.9994502079648133,1.0,0.009280742459405467,-0.21298268358180827,15.0,-23.0,10766.0,0.0,3.1666176902732883,-0.037332289877565206
2016-07-01,3536,3424,10888,7118,88.2021,112,1.0327102803738315,5.144216473386853,1.844140392623439,-7.458780423972778,-11.111111111111116,3458.6666666666665,3411.6666666666665,47.0,1.0137762579384466,41526.0,41406.0,1.0028981307056948,112.0,1.0393466963622755,1.1144130757800852,141.0,120.0,10813.0,0.0,3.1914020517830974,-0.007109852978807396
2016-08-01,3453,3434,10907,7129,89.4199,19,1.0055329062317997,-2.347285067873306,0.2920560747663447,-5.500821018062396,-5.969331872946326,3450.6666666666665,3406.6666666666665,44.0,1.0129158512720156,41325.0,41188.0,1.0033262115179178,19.0,0.1745040411462062,1.2720519962859722,132.0,137.0,10857.0,0.0,3.2016634050880626,0.03068047395210005
2016-09-01,3491,3414,10984,7119,91.3266,77,1.0225541886350322,1.1004923255140353,-0.5824111822946954,-1.4676827547276283,-5.32445923460898,3493.333333333333,3424.0,69.33333333333333,1.0202492211838006,41273.0,40996.0,1.0067567567567568,77.0,0.705968643990107,2.5870925562716085,208.0,277.0,10926.333333333334,0.0,3.207943925233645,0.0413262349603567
2016-10-01,3377,3409,10952,7208,92.678,-32,0.9906130830155472,-3.2655399598968797,-0.1464557703573565,-5.300056085249583,-4.052913031241201,3440.333333333333,3419.0,21.33333333333333,1.0062396412206298,41084.0,40852.0,1.0056790365220798,-32.0,-0.2913328477785915,2.164179104477615,64.0,232.0,10947.666666666666,0.0,3.2032758116408306,0.011873759857733202
2016-11-01,3346,3330,10968,7305,93.5939,16,1.0048048048048048,-0.9179745336097112,-2.3173951305368146,-2.845528455284552,-4.502437625466016,3404.6666666666665,3384.3333333333335,20.33333333333333,1.0060080764306116,40986.0,40695.0,1.0071507556210837,16.0,0.14609203798392478,2.725484686709745,61.0,291.0,10968.0,0.0,3.240815522505663,0.03915211741760061
2016-12-01,3442,3374,11036,7058,94.1908,68,1.020154119739182,2.869097429766887,1.3213213213213226,-0.0290444379901222,-0.7355104442483107,3388.333333333333,3371.0,17.333333333333332,1.0051418965687728,40985.0,40670.0,1.0077452667814113,68.0,0.6199854121079484,2.9381587538475973,52.0,315.0,10985.333333333334,0.0,3.273805992287155,0.06586206705350994
2017-01-01,3497,3334,11199,7227,95.0183,163,1.0488902219556089,1.5979081929111016,-1.1855364552459946,4.015466983938132,-1.7678255745433136,3428.333333333333,3346.0,82.33333333333333,1.0246064953177925,41120.0,40610.0,1.0125584831322334,163.0,1.47698441464299,4.771260174010661,247.0,510.0,11067.666666666666,0.0,3.3469814704124325,0.1437056587716019
2017-02-01,3600,3436,11363,7318,96.0273,164,1.0477299185098952,2.945381755790688,3.059388122375517,8.14058275758487,3.0284857571214463,3513.0,3381.3333333333335,131.66666666666666,1.0389392744479495,41391.0,40711.0,1.0167031023556288,164.0,1.46441646575588,6.365253206028276,395.0,680.0,11199.333333333334,0.0,3.360508675078864,0.11969315257320101
2017-03-01,3569,3478,11454,7347,97.5229,91,1.026164462334675,-0.8611111111111125,1.2223515715948707,4.204379562043803,3.913952793546449,3555.333333333333,3416.0,139.33333333333334,1.0407884465261514,41535.0,40842.0,1.0169678272366682,91.0,0.8008448473114438,6.43992194034011,418.0,693.0,11338.666666666666,0.0,3.3530444964871196,0.07923850419996459
2017-04-01,3636,3424,11666,7521,101.0176,212,1.0619158878504673,1.8772765480526756,-1.552616446233468,7.446808510638303,0.765155974102405,3601.6666666666665,3446.0,155.66666666666666,1.0451731476107564,41787.0,40868.0,1.0224870314182246,212.0,1.850881788021641,8.551223597282952,467.0,919.0,11494.333333333334,0.0,3.3853743470690656,0.038392876656633046
2017-05-01,3683,3494,11855,7747,101.0408,189,1.0540927303949628,1.2926292629263036,2.04439252336448,5.924647684785733,1.3047260075384148,3629.3333333333335,3465.3333333333335,164.0,1.0473258945748365,41993.0,40913.0,1.0263974775743652,189.0,1.620092576718668,10.02320185614849,492.0,1080.0,11658.333333333334,0.0,3.4210273181993074,0.060518643120443194
2017-06-01,3640,3541,11954,7863,100.548,99,1.0279582038972042,-1.1675264729839818,1.3451631368059491,8.236693428486475,5.324211778703147,3653.0,3486.3333333333335,166.66666666666666,1.047805717563821,42270.0,41092.0,1.028667380512022,99.0,0.835090679038375,10.931700074239048,500.0,1178.0,11825.0,0.0,3.428817286547471,0.07577279006035154
2017-07-01,3798,3615,12137,7972,99.5657,183,1.0506224066390042,4.340659340659347,2.089805139791024,7.409502262443435,5.578271028037385,3707.0,3550.0,157.0,1.044225352112676,42532.0,41283.0,1.0302545842114188,183.0,1.5308683285929492,11.471344599559142,471.0,1249.0,11982.0,0.0,3.41887323943662,0.03349889236755432
2017-08-01,3938,3704,12371,8123,99.3714,234,1.0631749460043196,3.686150605581884,2.4619640387275155,14.0457573124819,7.862550960978454,3792.0,3620.0,172.0,1.047513812154696,43017.0,41553.0,1.0352321132048228,234.0,1.927988794595037,13.42257265975979,516.0,1464.0,12154.0,0.0,3.4174033149171272,-0.003624003282180155
2017-09-01,3990,3785,12576,8275,100.0478,205,1.0541611624834877,1.3204672422549413,2.186825053995678,14.29389859639072,10.867018160515515,3908.6666666666665,3701.3333333333335,207.33333333333331,1.0560158501440922,43516.0,41924.0,1.0379734758133765,205.0,1.6571012852639289,14.493809176984707,622.0,1592.0,12361.333333333334,0.0,3.397694524495677,-0.031122762051793984
2017-10-01,4060,3889,12747,8394,101.3948,171,1.043970172280792,1.7543859649122862,2.747688243064728,20.225051821143023,14.080375476679375,3996.0,3792.6666666666665,203.33333333333331,1.053612234136052,44199.0,42404.0,1.0423309121780964,171.0,1.3597328244274731,16.389700511322136,610.0,1795.0,12564.666666666666,0.0,3.360959746879944,-0.057913492556675994
2017-11-01,4043,3872,12918,8463,103.144,171,1.0441632231404958,-0.4187192118226601,-0.4371303677037752,20.83084279737,16.27627627627628,4031.0,3848.6666666666665,182.33333333333331,1.0473757145331717,44896.0,42946.0,1.045405858520002,171.0,1.3414921157919535,17.778993435448577,547.0,1950.0,12747.0,0.0,3.3564870950978696,-0.060916219819257655
2017-12-01,4143,3941,13120,8486,105.3014,202,1.0512560263892412,2.4734108335394467,1.782024793388426,20.366066240557814,16.80497925311204,4082.0,3900.6666666666665,181.33333333333331,1.0464877798666894,45597.0,43513.0,1.047893732907407,202.0,1.563709552562309,18.88365349764407,544.0,2084.0,12928.333333333334,0.0,3.363527602119296,-0.03416692237638097
2018-01-01,4193,3985,13328,8405,106.5123,208,1.0521957340025094,1.2068549360366942,1.116467901547824,19.902773806119534,19.52609478104379,4126.333333333333,3932.6666666666665,193.66666666666663,1.049245634853365,46293.0,44164.0,1.0482066841771578,208.0,1.585365853658538,19.010625948745428,581.0,2129.0,13122.0,0.0,3.389048991354467,0.02808924447452288
2018-02-01,4310,4017,13621,8556,106.2109,293,1.07294000497884,2.790364893870745,0.8030112923463006,19.722222222222214,16.909196740395814,4215.333333333333,3981.0,234.33333333333331,1.0588629322615757,47003.0,44745.0,1.0504637389652476,293.0,2.198379351740698,19.871512804717064,703.0,2258.0,13356.333333333334,0.0,3.421502135141924,0.06501504004405456
2018-03-01,4044,3915,13750,8610,105.5107,129,1.0329501915708812,-6.17169373549884,-2.5392083644510843,13.309050154104796,12.564692351926388,4182.333333333333,3972.3333333333335,210.0,1.0528656541075774,47478.0,45182.0,1.0508166969147006,129.0,0.9470670288524996,20.04539898725337,630.0,2296.0,13566.333333333334,0.0,3.4614416379961397,0.09791403587684355
2018-04-01,4147,4035,13862,8612,106.0022,112,1.0277571251548947,2.546983184965379,3.065134099616862,14.053905390539056,17.84462616822431,4167.0,3989.0,178.0,1.044622712459263,47989.0,45793.0,1.0479549276090232,112.0,0.8145454545454456,18.82393279615977,534.0,2196.0,13744.333333333334,0.0,3.4750564051140636,0.08600741375959675
2018-05-01,4241,4057,14046,8472,106.3259,184,1.0453537096376633,2.266698818422963,0.5452292441139983,15.15069237035025,16.113337149398976,4144.0,4002.3333333333335,141.66666666666666,1.035396018988923,48547.0,46356.0,1.0472646475105705,184.0,1.3273697879093938,18.481653310839306,425.0,2191.0,13886.0,0.0,3.5094528191888066,0.08795068404688244
2018-06-01,4306,4011,14341,8430,107.3727,295,1.0735477437048118,1.5326573921244924,-1.133842740941582,18.2967032967033,13.273086698672689,4231.333333333333,4034.3333333333335,197.0,1.0488308683797405,49213.0,46826.0,1.0509759535300902,295.0,2.100242061796953,19.968211477329767,591.0,2387.0,14083.0,0.0,3.5547384945881184,0.09329685659197873
2018-07-01,4201,3938,14604,8518,107.5357,263,1.0667851701371254,-2.4384579656293592,-1.8199950137122944,10.610847814639278,8.934993084370667,4249.333333333333,4002.0,247.33333333333331,1.0618024321172743,49616.0,47149.0,1.0523234851216356,263.0,1.833902796178788,20.32627502677762,742.0,2467.0,14330.333333333334,0.0,3.649175412293853,0.17411900717978934
2018-08-01,4119,3991,14732,8553,107.8675,128,1.032072162365322,-1.9519162104260857,1.3458608430675367,4.596241747079732,7.748380129589627,4208.666666666667,3980.0,228.66666666666663,1.0574539363484088,49797.0,47436.0,1.0497723248165949,128.0,0.8764721993974156,19.08495675369817,686.0,2361.0,14559.0,0.0,3.701507537688442,0.1920547184996355
2018-09-01,4127,4031,14828,8717,106.6054,96,1.0238154304142892,0.1942218985190535,1.002255073916314,3.433583959899744,6.499339498018486,4149.0,3986.6666666666665,162.33333333333334,1.0407190635451506,49934.0,47682.0,1.0472295625183508,96.0,0.6516426825957211,17.90712468193385,487.0,2252.0,14721.333333333334,0.0,3.719397993311037,0.1646594987229184
2018-10-01,4186,4141,14873,8568,105.2557,45,1.010866940352572,1.4296098861158235,2.7288514016373,3.103448275862064,6.479814862432498,4144.0,4054.3333333333335,89.66666666666667,1.0221162542135986,50060.0,47934.0,1.0443526515625652,45.0,0.3034799028864388,16.678434141366605,269.0,2126.0,14811.0,0.0,3.66842061991285,0.019245207618997284
2018-11-01,4362,4165,15070,8488,103.0036,197,1.047298919567827,4.204491161012891,0.5795701521371655,7.890180558990845,7.567148760330578,4225.0,4112.333333333333,112.66666666666669,1.0273972602739727,50379.0,48227.0,1.0446223070064486,197.0,1.3245478383648202,16.658925530267844,338.0,2152.0,14923.666666666666,0.0,3.6645862041014836,-0.03692133358695848
2018-12-01,4287,4203,15154,9288,102.4992,84,1.0199857244825126,-1.719394773039895,0.9123649459783943,3.47574221578566,6.648058868307527,4278.333333333333,4169.666666666667,108.66666666666669,1.0260612359101446,50523.0,48489.0,1.041947658231764,84.0,0.5573988055739942,15.503048780487806,326.0,2034.0,15032.333333333334,0.0,3.6343432728435525,-0.0850547204674843
2019-01-01,4242,4247,15149,9195,103.7506,-5,0.9988226983753238,-1.049685094471664,1.0468712824173163,1.1686143572620988,6.574654956085313,4297.0,4205.0,92.0,1.0218787158145066,50572.0,48751.0,1.0373530799368218,-5.0,-0.032994588887425014,13.662965186074437,276.0,1821.0,15124.333333333334,0.0,3.602615933412604,-0.06580468650024596
2019-02-01,4172,4184,15137,8963,104.7604,-12,0.997131931166348,-1.650165016501648,-1.483400047092065,-3.2018561484918773,4.157331341797366,4233.666666666667,4211.333333333333,22.33333333333333,1.0053031502295395,50434.0,48918.0,1.0309906373931885,-12.0,-0.07921314938279522,11.129872990235668,67.0,1516.0,15146.666666666666,0.0,3.5943485831882227,-0.07023762091326091
2019-03-01,3988,4235,14890,8535,105.3679,-247,0.941676505312869,-4.410354745925216,1.2189292543020924,-1.3847675568743778,8.173690932311617,4134.0,4222.0,-88.0,0.979156797726196,50378.0,49238.0,1.0231528494252407,-247.0,-1.631763229173544,8.290909090909082,-264.0,1140.0,15058.666666666666,0.0,3.5267645665561345,-0.10757870628741806
2019-04-01,4014,4160,14744,8864,105.8286,-146,0.9649038461538462,0.6519558676028048,-1.7709563164108657,-3.207137689896311,3.097893432465914,4058.0,4193.0,-135.0,0.9678034819937992,50245.0,49363.0,1.017867633652736,-146.0,-0.980523841504366,6.362718222478714,-405.0,882.0,14923.666666666666,0.0,3.5163367517290722,-0.08627918168353199
2019-05-01,4035,4164,14615,8910,105.8115,-129,0.9690201729106628,0.5231689088191382,0.0961538461538458,-4.857344965809951,2.6374168104510654,4012.3333333333335,4186.333333333333,-174.0,0.95843618122462,50039.0,49470.0,1.0115019203557711,-129.0,-0.8749321758003248,4.050975366652421,-522.0,569.0,14749.666666666666,0.0,3.4911219046102397,-0.10322667857798296
2019-06-01,4160,4290,14485,8946,106.7633,-130,0.9696969696969696,3.097893432465914,3.0259365994236287,-3.3906177426846207,6.95587135377711,4069.6666666666665,4204.666666666667,-135.0,0.9678928175043602,49893.0,49749.0,1.0028945305433274,-130.0,-0.8894970920287348,1.0041140785161495,-405.0,144.0,14614.666666666666,0.0,3.444981766291422,-0.0817828002647123
2019-07-01,4032,4094,14423,8842,107.5196,-62,0.9848558866634098,-3.076923076923077,-4.568764568764571,-4.022851701975716,3.961401726764846,4075.6666666666665,4182.666666666667,-107.0,0.9744182339815108,49724.0,49905.0,0.9963731089069231,-62.0,-0.4280289955125971,-1.239386469460424,-321.0,-181.0,14507.666666666666,0.0,3.4482786101370735,-0.06805814159199874
2019-08-01,4194,4187,14430,9009,109.1758,7,1.0016718414139,4.01785714285714,2.271617000488524,1.820830298616172,4.911049862189931,4128.666666666667,4190.333333333333,-61.66666666666666,0.9852835892132688,49799.0,50101.0,0.9939721762040677,7.0,0.048533592179156315,-2.0499592723323357,-185.0,-302.0,14446.0,0.0,3.4436401240951398,-0.04748178051509999
2019-09-01,4135,4078,14487,9098,108.7369,57,1.0139774399215302,-1.4067715784453982,-2.6032959159302598,0.1938454082868856,1.1659637806995748,4120.333333333333,4119.666666666667,0.6666666666666666,1.0001618253904037,49807.0,50148.0,0.9932001276222382,57.0,0.3950103950103978,-2.2997032640949544,2.0,-341.0,14446.666666666666,0.0,3.5165466461687838,0.0715648798773616
2019-10-01,4050,3984,14553,9115,108.9746,66,1.016566265060241,-2.055622732769047,-2.305051495831289,-3.248924988055424,-3.791354745230624,4126.333333333333,4083.0,43.333333333333336,1.0106131112743897,49671.0,49991.0,0.9935988477926027,66.0,0.4555808656036442,-2.151549788206819,130.0,-320.0,14490.0,0.0,3.5642909625275534,0.11601235239047991
2019-11-01,4129,4043,14639,9261,110.9638,86,1.021271333168439,1.9506172839506064,1.4809236947791238,-5.341586428243927,-2.929171668667463,4104.666666666667,4035.0,69.66666666666667,1.0172655927302767,49438.0,49869.0,0.9913573562734364,86.0,0.5909434480863007,-2.8599867285998726,209.0,-431.0,14559.666666666666,0.0,3.628004956629492,0.1843648325343521
2019-12-01,3831,4088,14382,9392,112.6269,-257,0.937133072407045,-7.21724388471785,1.1130348750927554,-10.636808957312804,-2.7361408517725394,4003.3333333333335,4038.3333333333335,-35.0,0.9913330581923236,48982.0,49754.0,0.9844836596052579,-257.0,-1.755584397841381,-5.094364524218031,-105.0,-772.0,14524.666666666666,0.0,3.561370202228642,0.044823556059858216
2020-01-01,4041,3955,14468,9506,110.9344,86,1.0217446270543615,5.481597494126866,-3.253424657534243,-4.7383309759547405,-6.875441488109257,4000.3333333333335,4028.6666666666665,-28.33333333333333,0.9929670693364224,48781.0,49462.0,0.9862318547571873,86.0,0.5979696843276372,-4.495346227473762,-85.0,-681.0,14496.333333333334,0.0,3.591262617905014,0.026971655377460824
2020-02-01,4051,3968,14551,9713,108.6923,83,1.0209173387096775,0.2474634991338709,0.3286978508217464,-2.900287631831256,-5.162523900573612,3974.3333333333335,4003.6666666666665,-29.33333333333333,0.9926733827324952,48660.0,49246.0,0.9881005563903668,83.0,0.5736798451755565,-3.8713087137477675,-88.0,-586.0,14467.0,0.0,3.634418449754392,0.006413493124900249
2020-03-01,3913,3850,14614,9848,109.4757,63,1.0163636363636364,-3.4065662799308782,-2.973790322580649,-1.8806419257773264,-9.090909090909092,4001.6666666666665,3924.3333333333335,77.33333333333333,1.0197061071944278,48585.0,48861.0,0.9943513231411555,63.0,0.43295993402514554,-1.8535930154466085,232.0,-276.0,14544.333333333334,0.0,3.723944619043574,0.16257441681493212
2020-04-01,4017,3946,14685,10012,107.5225,71,1.0179929042067917,2.657807308970095,2.493506493506503,0.0747384155455943,-5.144230769230774,3993.6666666666665,3921.3333333333335,72.33333333333333,1.018446106766406,48588.0,48647.0,0.998787181121138,71.0,0.48583550020528943,-0.4001627780792161,217.0,-59.0,14616.666666666666,0.0,3.7448996939816386,0.15363707607662436
2020-05-01,3851,3913,14623,10020,107.1574,-62,0.9841553795042168,-4.132437142145884,-0.8362899138367963,-4.560099132589834,-6.027857829010563,3927.0,3903.0,24.0,1.0061491160645657,48404.0,48396.0,1.0001653029175965,-62.0,-0.42219952332311905,0.05473828258637514,72.0,8.0,14640.666666666666,0.0,3.746605175506021,0.11218672575162891
2020-06-01,3888,3952,14559,10014,109.2417,-64,0.9838056680161944,0.9607894053492494,0.9966777408637828,-6.538461538461537,-7.878787878787874,3918.6666666666665,3937.0,-18.33333333333333,0.9953433240199814,48132.0,48058.0,1.0015398060676681,-64.0,-0.437666689461802,0.5108733172247248,-55.0,74.0,14622.333333333334,0.0,3.697993395986792,-0.02595122305678199
2020-07-01,3937,4081,14415,10087,111.7799,-144,0.9647145307522668,1.2602880658436175,3.2641700404858254,-2.356150793650791,-0.3175378602833456,3892.0,3982.0,-90.0,0.9773982923154194,48037.0,48045.0,0.9998334894369861,-144.0,-0.989078920255515,-0.05546696249046912,-270.0,-8.0,14532.333333333334,0.0,3.6200401808136613,-0.12485951316797728
2020-08-01,4054,4095,14374,9860,112.4082,-41,0.98998778998779,2.9718059436118827,0.3430531732418584,-3.338102050548397,-2.197277286840216,3959.6666666666665,4042.6666666666665,-83.0,0.9794689973614776,47897.0,47953.0,0.998832189852564,-41.0,-0.2844259451959763,-0.3880803880803918,-249.0,-56.0,14449.333333333334,0.0,3.5555738786279685,-0.19103129687805254
2020-09-01,4079,4076,14377,9837,115.8024,3,1.0007360157016685,0.6166748889985252,-0.4639804639804623,-1.354292623941955,-0.0490436488474688,4023.3333333333335,4084.0,-60.66666666666666,0.985145282402873,47841.0,47951.0,0.9977059915330233,3.0,0.020871017114232338,-0.759301442672744,-182.0,-110.0,14388.666666666666,0.0,3.5203232125367285,-0.17767018345006358
2020-10-01,4262,4109,14530,9939,119.86,153,1.0372353370649794,4.486393723951943,0.809617271835128,5.234567901234577,3.1375502008032186,4131.666666666667,4093.3333333333335,38.333333333333336,1.0093648208469057,48053.0,48076.0,0.9995215908145436,153.0,1.0641997635111533,-0.15804301518587138,115.0,-23.0,14427.0,0.0,3.549674267100977,-0.07036591371268441
2020-11-01,4296,4159,14667,10056,121.1263,137,1.0329406107237316,0.7977475363678987,1.2168410805548868,4.044562848147248,2.8691565669057617,4212.333333333333,4114.666666666667,97.66666666666669,1.023736228127025,48220.0,48192.0,1.0005810092961487,137.0,0.9428768066070292,0.19126989548465811,293.0,28.0,14524.666666666666,0.0,3.5645657809462086,0.008991902318240097
2020-12-01,4354,4194,14827,10180,121.0366,160,1.038149737720553,1.3500931098696434,0.8415484491464342,13.651788044896884,2.592954990215257,4304.0,4154.0,150.0,1.0361097737120848,48743.0,48298.0,1.0092136320344527,160.0,1.0908842980841271,3.094145459602271,450.0,445.0,14674.666666666666,0.0,3.569330765527203,0.04900755299047432
2021-01-01,4389,4222,14994,10237,120.3158,167,1.0395547134059688,0.8038585209003246,0.6676204101096817,8.611729769858956,6.75094816687738,4346.333333333333,4191.666666666667,154.66666666666666,1.0368986083499006,49091.0,48565.0,1.0108308452589314,167.0,1.1263235988399511,3.63560962123306,464.0,526.0,14829.333333333334,0.0,3.577097415506958,0.027423148405981035
2021-02-01,4413,4196,15211,10359,119.1051,217,1.051715919923737,0.5468215994531844,-0.6158218853623887,8.936065169094043,5.745967741935476,4385.333333333333,4204.0,181.33333333333331,1.0431335236282904,49453.0,48793.0,1.0135265304449408,217.0,1.4472455648926186,4.535770737406364,544.0,660.0,15010.666666666666,0.0,3.618220742150333,0.05365496120412461
2021-03-01,4592,4320,15483,10521,119.6459,272,1.0629629629629629,4.056197598005884,2.9551954242135414,17.352415026833622,12.2077922077922,4464.666666666667,4246.0,218.66666666666663,1.0514994504631812,50132.0,49263.0,1.0176400138034631,272.0,1.7881796068634603,5.946352812371702,656.0,869.0,15229.333333333334,0.0,3.646490814884597,0.07716004935739429
2021-04-01,4801,4358,15926,10532,121.9916,443,1.101652134006425,4.551393728222997,0.8796296296296191,19.51705252676126,10.440952863659405,4602.0,4291.333333333333,310.6666666666667,1.0723939723473668,50916.0,49675.0,1.0249823855057876,443.0,2.86120260931344,8.450800136193394,932.0,1241.0,15540.0,0.0,3.7112008699704835,0.13410345446352556
2021-05-01,4693,4271,16348,10788,123.9862,422,1.098805900257551,-2.2495313476359136,-1.9963285910968296,21.86445079200208,9.148990544339377,4695.333333333333,4316.333333333333,379.0,1.0878060081859604,51758.0,50033.0,1.034477245018288,422.0,2.649755117418051,11.79648498940027,1137.0,1725.0,15919.0,0.0,3.7874739362112906,0.1692531940609574
2021-06-01,4710,4309,16749,11139,121.2857,401,1.0930610350429335,0.3622416364798653,0.8897213767267598,21.141975308641968,9.033400809716596,4734.666666666667,4312.666666666667,422.0,1.0978512907713711,52580.0,50390.0,1.0434610041674937,401.0,2.4528994372400303,15.042241912219257,1266.0,2190.0,16341.0,0.0,3.88367599319833,0.23718517831373287
2021-07-01,4600,4420,16929,11092,117.7423,180,1.0407239819004526,-2.335456475583864,2.5760037131585145,16.840233680467364,8.30678755207057,4667.666666666667,4333.333333333333,334.3333333333333,1.0771538461538464,53243.0,50729.0,1.0495574523448126,180.0,1.0746910263299325,17.44016649323621,1003.0,2514.0,16675.333333333332,0.0,3.906692307692308,0.19549143772182465
2021-08-01,4896,4395,17430,11103,117.8182,501,1.1139931740614335,6.434782608695655,-0.5656108597285048,20.76961026147015,7.326007326007322,4735.333333333333,4374.666666666667,360.6666666666667,1.0824443767144163,54085.0,51029.0,1.0598875149424838,501.0,2.9594187488924284,21.26060943369974,1082.0,3056.0,17036.0,0.0,3.9843035659859796,0.19682962977468899
2021-09-01,4781,4484,17727,11212,118.1095,297,1.066235504014273,-2.3488562091503296,2.025028441410704,17.21010051483207,10.009813542688908,4759.0,4433.0,326.0,1.0735393638619446,54787.0,51437.0,1.0651282150980812,297.0,1.7039586919104899,23.301105933087563,978.0,3350.0,17362.0,0.0,3.998872095646289,0.11519610244795908
2021-10-01,4798,4531,17994,10965,119.9345,267,1.0589273890973294,0.3555741476678475,1.0481712756467363,12.576255279211646,10.270138719883182,4825.0,4470.0,355.0,1.0794183445190155,55323.0,51859.0,1.0667965059102567,267.0,1.5061770181079792,23.84033035099793,1065.0,3464.0,17717.0,0.0,4.025503355704698,0.11881104801239006
2021-11-01,4786,4493,18287,10996,122.4168,293,1.0652125528600045,-0.2501042100875317,-0.8386669609357744,11.405959031657352,8.03077662899736,4788.333333333333,4502.666666666667,285.6666666666667,1.0634438851051229,55813.0,52193.0,1.0693579598796774,293.0,1.6283205512948706,24.68125724415353,857.0,3620.0,18002.666666666668,0.0,4.061371039384069,0.07706747339808917
2021-12-01,4721,4500,18508,11256,124.7074,221,1.049111111111111,-1.358127872962811,0.1557979078566695,8.429030776297664,7.296137339055786,4768.333333333333,4508.0,260.3333333333333,1.057749186631174,56180.0,52499.0,1.0701156212499285,221.0,1.2085087767266467,24.826330343292646,781.0,3681.0,18263.0,0.0,4.105590062111801,0.10671796646551224
2022-01-01,4835,4514,18829,11682,125.773,321,1.0711120957022595,2.41474263927135,0.3111111111111064,10.161768056504904,6.9161534817622,4780.666666666667,4502.333333333333,278.3333333333333,1.0618197971422227,56626.0,52791.0,1.072644958420943,321.0,1.734385130754279,25.576897425636915,835.0,3835.0,18541.333333333332,0.0,4.182053749907456,0.15655039420275774
2022-02-01,4775,4512,19092,11765,128.9521,263,1.0582890070921986,-1.2409513960703222,-0.0443066016836524,8.203036483118066,7.530981887511912,4777.0,4508.666666666667,268.3333333333333,1.0595150081324856,56988.0,53107.0,1.0730788784905945,263.0,1.3967815603590283,25.514430346459793,805.0,3881.0,18809.666666666668,0.0,4.234511311548129,0.17314027216406025
2022-03-01,4831,4520,19403,11991,129.5542,311,1.0688053097345134,1.1727748691099382,0.1773049645390045,5.204703832752622,4.629629629629628,4813.666666666667,4515.333333333333,298.3333333333333,1.0660711649195336,57227.0,53307.0,1.0735363085523477,311.0,1.6289545359312818,25.318090809274697,895.0,3920.0,19108.0,0.0,4.29713568581131,0.19154562369950856
2022-04-01,4658,4477,19584,12336,127.9384,181,1.040428858610677,-3.581039122334917,-0.951327433628324,-2.978546136221616,2.730610371730146,4754.666666666667,4503.0,251.66666666666663,1.0558886668147165,57084.0,53426.0,1.068468535918841,181.0,0.9328454362727445,22.96873037799825,755.0,3658.0,19359.666666666668,0.0,4.349100599600266,0.16704684969281036
2022-05-01,4570,4546,19608,12309,128.77,24,1.005279366476023,-1.889222842421645,1.541210632119716,-2.6209247815896064,6.438773121048924,4686.333333333333,4514.333333333333,172.0,1.0381008639149376,56961.0,53701.0,1.0607065045343662,24.0,0.1225490196078427,19.941277220455113,516.0,3260.0,19531.666666666668,0.0,4.343498486302887,0.10898717475475816
2022-06-01,4488,4462,19634,12612,131.2495,26,1.0058269834155087,-1.794310722100656,-1.8477782666080025,-4.713375796178343,3.5507078208401044,4572.0,4495.0,77.0,1.0171301446051169,56739.0,53854.0,1.0535707654027555,26.0,0.13259893920849475,17.224908949788052,231.0,2885.0,19608.666666666668,0.0,4.367964404894327,0.0708287190830168
2022-07-01,4786,4526,19894,12840,131.7061,260,1.057445868316394,6.639928698752229,1.4343343792021512,4.043478260869571,2.3981900452488603,4614.666666666667,4511.333333333333,103.33333333333331,1.0229052756021872,56925.0,53960.0,1.054948109710897,260.0,1.3242334725476201,17.514324531868386,310.0,2965.0,19712.0,0.0,4.409782769321708,0.060682169721442136
2022-08-01,4677,4439,20132,12936,132.8333,238,1.0536156792070286,-2.2774759715837867,-1.922227132125498,-4.47303921568627,1.001137656427753,4650.333333333333,4475.666666666667,174.66666666666666,1.0390258434497652,56706.0,54004.0,1.0500333308643803,238.0,1.196340605207591,15.502008032128511,524.0,2702.0,19886.666666666668,0.0,4.498100841587845,0.15460235528495758
2022-09-01,4534,4371,20295,13234,134.0567,163,1.0372912377030428,-3.057515501389785,-1.5318765487722483,-5.166283204350552,-2.520071364852805,4665.666666666667,4445.333333333333,220.33333333333331,1.0495650869826036,56459.0,53891.0,1.047651741478169,163.0,0.809656268627057,14.486376713487893,661.0,2568.0,20107.0,0.0,4.565461907618476,0.19749750272414968
2022-10-01,4412,4420,20287,13511,132.9257,-8,0.9981900452488688,-2.6907807675341844,1.1210249370853242,-8.045018757815757,-2.4497903332597715,4541.0,4410.0,131.0,1.0297052154195012,56073.0,53780.0,1.0426366679062848,-8.0,-0.039418576003946715,12.743136601089255,393.0,2293.0,20238.0,0.0,4.600226757369614,0.19044398804790585
2022-11-01,4346,4427,20206,13646,133.4489,-81,0.9817031850011294,-1.495920217588398,0.1583710407239813,-9.193480986209778,-1.4689517026485688,4430.666666666667,4406.0,24.666666666666668,1.0055984263882585,55633.0,53714.0,1.0357262538630525,-81.0,-0.39927046877310524,10.493793405151198,74.0,1919.0,20262.666666666668,0.0,4.5860190649114845,0.08791822332363974
2022-12-01,4367,4299,20274,13781,130.8489,68,1.0158176320074437,0.4832029452370046,-2.8913485430314023,-7.498411353526791,-4.466666666666663,4375.0,4382.0,-7.0,0.9984025559105432,55279.0,53513.0,1.0330013267804086,68.0,0.33653370286053086,9.54181975362005,-21.0,1766.0,20255.666666666668,0.0,4.626654495664081,0.061192588045604346
2023-01-01,4216,4393,20097,13621,130.0403,-177,0.9597086273617118,-3.4577513166933804,2.1865550127936784,-12.80248190279214,-2.6805494018608766,4309.666666666667,4373.0,-63.333333333333336,0.9855171888101228,54660.0,53392.0,1.0237488762361402,-177.0,-0.8730393607576215,6.7342928461415985,-190.0,1268.0,20192.333333333332,0.0,4.595700891836268,-0.00452586553334644
2023-02-01,4336,4470,19963,13479,133.54,-134,0.9700223713646532,2.8462998102466885,1.7527885272023758,-9.193717277486911,-0.9308510638297852,4306.333333333333,4387.333333333333,-81.0,0.9815377602188118,54221.0,53350.0,1.0163261480787253,-134.0,-0.6667661840075612,4.5621202597946775,-243.0,871.0,20111.333333333332,0.0,4.550144354961253,-0.035874709950231676
2023-03-01,4219,4358,19824,13260,133.5331,-139,0.9681046351537402,-2.6983394833948293,-2.5055928411633066,-12.668184640861105,-3.584070796460181,4257.0,4407.0,-150.0,0.9659632402995236,53609.0,53188.0,1.0079153192449424,-139.0,-0.6962881330461301,2.1697675617172507,-450.0,421.0,19961.333333333332,0.0,4.498298162014976,-0.12835633364910493
2023-04-01,4123,4223,19724,13110,135.8398,-100,0.97632015155103,-2.2754207158094286,-3.0977512620468106,-11.48561614426793,-5.673442037078402,4226.0,4350.333333333333,-124.33333333333331,0.971419814573596,53074.0,52934.0,1.0026448029621793,-100.0,-0.5044390637610974,0.7148692810457602,-373.0,140.0,19837.0,0.0,4.533905447858402,-0.06179544397786607
2023-05-01,4287,4316,19695,13095,136.0676,-29,0.9932808155699722,3.977686150861026,2.202225905754207,-6.192560175054707,-5.059392872855262,4209.666666666667,4299.0,-89.33333333333333,0.97921997363728,52791.0,52704.0,1.0016507285974499,-29.0,-0.14702900020280296,0.443696450428388,-268.0,87.0,19747.666666666668,0.0,4.581297976273552,0.03115362131229915
2023-06-01,4264,4385,19574,12907,135.4366,-121,0.972405929304447,-0.5365057149521846,1.598702502316951,-4.9910873440285215,-1.7256835499775858,4224.666666666667,4308.0,-83.33333333333333,0.98065614360879,52567.0,52627.0,0.9988599008113705,-121.0,-0.6143691292206155,-0.3055923398186833,-250.0,-60.0,19664.333333333332,0.0,4.54363974001857,0.04534157800359395
2023-07-01,4140,4250,19464,13117,136.6894,-110,0.9741176470588236,-2.908067542213888,-3.078677309007982,-13.497701629753443,-6.098099867432616,4230.333333333333,4317.0,-86.66666666666667,0.9799243301675544,51921.0,52351.0,0.9917862122977593,-110.0,-0.5619699601512207,-2.1614557152910385,-260.0,-430.0,19577.666666666668,0.0,4.50868658790827,-0.025218859950132178
2023-08-01,4663,4770,19357,13734,135.6233,-107,0.9775681341719078,12.6328502415459,12.235294117647054,-0.2993371819542401,7.45663437711197,4355.666666666667,4468.333333333333,-112.66666666666669,0.9747855277881388,51907.0,52682.0,0.9852890930488591,-107.0,-0.5497328401150803,-3.849592688257497,-338.0,-775.0,19465.0,0.0,4.332040283476315,-0.24925769279723653
2023-09-01,4835,4871,19321,13469,134.4233,-36,0.9926093204680764,3.688612481235265,2.117400419287208,6.638729598588444,11.43902997025852,4546.0,4630.333333333333,-84.33333333333333,0.9817867684112016,52208.0,53182.0,0.9816855326990335,-36.0,-0.18597923231905567,-4.799211628479916,-253.0,-974.0,19380.666666666668,0.0,4.172701749334101,-0.3709379906844683
2023-10-01,4739,4829,19231,13616,136.4045,-90,0.9813626009525782,-1.9855222337125111,-0.8622459453910936,7.411604714415221,9.25339366515836,4745.666666666667,4823.333333333333,-77.66666666666667,0.9838977194194888,52535.0,53591.0,0.9802951988206975,-90.0,-0.465814398840636,-5.205303889190127,-233.0,-1056.0,19303.0,0.0,3.987076710435384,-0.5216098774728857
2023-11-01,4731,4860,19102,13673,137.8263,-129,0.9734567901234568,-0.1688119856509851,0.6419548560778532,8.858720662678321,9.780889993223395,4768.333333333333,4853.333333333333,-85.0,0.9824862637362636,52920.0,54024.0,0.9795646379386939,-129.0,-0.6707919504965965,-5.463723646441654,-255.0,-1104.0,19218.0,0.0,3.935851648351649,-0.3961886351246666
2023-12-01,4761,4894,18969,13486,138.9374,-133,0.9728238659583164,0.6341154090044432,0.6995884773662642,9.022212044882073,13.84042800651315,4743.666666666667,4861.0,-117.33333333333331,0.975862305424124,53314.0,54619.0,0.9761072154378513,-133.0,-0.6962621715003614,-6.4368156259248295,-352.0,-1305.0,19100.666666666668,0.0,3.9022834807652744,-0.270418268568827
2024-01-01,4924,5000,18893,13380,139.4212,-76,0.9848,3.4236504935937884,2.1659174499387035,16.79316888045541,13.81743683132255,4805.333333333333,4918.0,-112.66666666666669,0.9770909583841668,54022.0,55226.0,0.9781986745373555,-76.0,-0.40065369813906404,-5.990943921978409,-338.0,-1204.0,18988.0,0.0,3.8416022773485157,-0.14547443308686825
2024-02-01,4817,4862,18848,13355,138.2248,-45,0.990744549568079,-2.173030056864333,-2.759999999999996,11.093173431734328,8.769574944071579,4834.0,4918.666666666667,-84.66666666666667,0.9827866630523177,54503.0,55618.0,0.9799525333525118,-45.0,-0.23818345418937792,-5.585332865801728,-254.0,-1115.0,18903.333333333332,0.0,3.8319327731092434,-0.1039188752424054
2024-03-01,4777,4772,18853,13264,138.3547,5,1.0010477787091363,-0.8303923603902863,-1.8510900863841997,13.225882910642328,9.499770536943553,4839.333333333333,4878.0,-38.66666666666666,0.992073254065874,55061.0,56032.0,0.9826706167904055,5.0,0.026528013582338694,-4.898103309120261,-116.0,-971.0,18864.666666666668,0.0,3.8649036490364903,-0.03737983172878412
2024-04-01,4742,4857,18738,13190,143.8737,-115,0.9763228330245008,-0.7326774126020563,1.7812238055322729,15.013339801115698,15.01302391664694,4778.666666666667,4830.333333333333,-51.66666666666666,0.9893037057483955,55680.0,56666.0,0.9825997952917093,-115.0,-0.6099824961544598,-4.998986006895157,-155.0,-986.0,18813.0,0.0,3.8792353874818857,0.03763311013337001
2024-05-01,4827,4867,18698,13349,144.2792,-40,0.991781384836655,1.792492619148045,0.2058884084826129,12.596221133659904,12.76645041705282,4782.0,4832.0,-50.0,0.9896523178807948,56220.0,57217.0,0.9825751087963368,-40.0,-0.21346995410396197,-5.062198527545059,-150.0,-997.0,18763.0,0.0,3.8696192052980134,0.03768643218876999
2024-06-01,4849,4802,18745,13196,143.4192,47,1.0097875885047898,0.455769629169267,-1.3355249640435551,13.719512195121952,9.509692132269109,4806.0,4842.0,-36.0,0.9925650557620818,56805.0,57634.0,0.9856161293680813,47.0,0.25136378222270217,-4.235209972412379,-108.0,-829.0,18727.0,0.0,3.871334159438249,0.006430510401758571
2024-07-01,4820,4841,18724,13212,143.4068,-21,0.9956620532947738,-0.5980614559703001,0.8121615993336162,16.425120772946865,13.905882352941168,4832.0,4836.666666666667,-4.666666666666667,0.9990351481736732,57485.0,58225.0,0.9872906826964363,-21.0,-0.11202987463323488,-3.8018906699547883,-14.0,-740.0,18722.333333333332,0.0,3.871261199172984,-0.00797418830890173
2024-08-01,4810,4915,18619,13154,148.7946,-105,0.9786368260427264,-0.207468879668049,1.5286097913654206,3.1524769461720004,3.039832285115307,4826.333333333333,4852.666666666667,-26.33333333333333,0.994573430416266,57632.0,58370.0,0.9873565187596368,-105.0,-0.5607776116214436,-3.81257426254068,-79.0,-738.0,18696.0,0.0,3.8368594587168565,-0.03275974658115688
2024-09-01,4799,4923,18495,12995,146.4195,-124,0.9748121064391632,-0.2286902286902314,0.1627670396744607,-0.7445708376421889,1.0675425990556375,4809.666666666667,4893.0,-83.33333333333333,0.9829688670890387,57596.0,58422.0,0.9858614905343878,-124.0,-0.6659863580213754,-4.275141038248542,-250.0,-826.0,18612.666666666668,0.0,3.779889638258737,-0.09144452117951207
2024-10-01,4838,4902,18431,13097,148.7125,-64,0.9869441044471644,0.8126693061054402,-0.4265691651432091,2.0890483224308865,1.5117001449575396,4815.666666666667,4913.333333333333,-97.66666666666669,0.980122116689281,57695.0,58495.0,0.9863236174031969,-64.0,-0.3460394701270575,-4.159950080599028,-293.0,-800.0,18515.0,0.0,3.751221166892809,-0.1200400322801749
2024-11-01,4923,4945,18409,12945,148.1992,-22,0.9955510616784632,1.7569243489045094,0.8771929824561431,4.05833861762841,1.7489711934156382,4853.333333333333,4923.333333333333,-70.0,0.985781990521327,57887.0,58580.0,0.9881700238989416,-22.0,-0.11936411480657494,-3.6278923672913854,-210.0,-693.0,18445.0,0.0,3.7391333784698717,-0.09772608024698481
2024-12-01,4900,4971,18338,12929,150.2275,-71,0.9857171595252464,-0.4671947999187464,0.5257836198179877,2.9195547153959334,1.573355128729048,4887.0,4939.333333333333,-52.333333333333336,0.989404777972736,58026.0,58657.0,0.9892425456467259,-71.0,-0.3856809169427988,-3.326480046391478,-157.0,-631.0,18392.666666666668,0.0,3.7126467809420975,-0.06724285731663926
2025-01-01,4856,4953,18241,12856,158.0732,-97,0.980415909549768,-0.897959183673469,-0.3621001810500956,-1.380991064175463,-0.9399999999999964,4893.0,4956.333333333333,-63.333333333333336,0.987221736498756,57958.0,58610.0,0.9888756184951374,-97.0,-0.5289562656778268,-3.4510136029217153,-190.0,-652.0,18329.333333333332,0.0,3.6803416504136126,-0.07087951647919644
2025-02-01,4927,5051,18117,12867,159.6876,-124,0.9754504058602256,1.4621087314662384,1.9785988289925396,2.283578991073276,3.887289181406839,4894.333333333333,4991.666666666667,-97.33333333333331,0.9805008347245407,58068.0,58799.0,0.98756781577918,-124.0,-0.6797872923633541,-3.8783955857385366,-292.0,-731.0,18232.0,0.0,3.629449081803005,-0.10968429666686674
2025-03-01,5147,5119,18145,12899,159.2281,28,1.0054698183238917,4.465191800284152,1.34626806572955,7.745446933221678,7.271584241408213,4976.666666666667,5041.0,-64.33333333333333,0.9872379818819018,58438.0,59146.0,0.9880296216143104,28.0,0.15455097422309994,-3.75537049806397,-193.0,-708.0,18167.666666666668,0.0,3.5994842293195792,-0.11316255162251831
2025-04-01,4978,5060,18063,12958,162.2271,-82,0.983794466403162,-3.283466096755394,-1.152568861105685,4.976803036693389,4.179534692196829,5017.333333333333,5076.666666666667,-59.333333333333336,0.988312541037426,58674.0,59349.0,0.9886265985947531,-82.0,-0.45191512813447243,-3.6023054755043193,-178.0,-675.0,18108.333333333332,0.0,3.558043335521996,-0.12229831489161658
2025-05-01,5148,5053,18158,13034,164.3526,95,1.0188007124480507,3.415026114905584,-0.1383399209486158,6.650093225605969,3.821656050955413,5091.0,5077.333333333333,13.666666666666666,1.0026917016806722,58995.0,59535.0,0.9909297052154195,95.0,0.5259369982837825,-2.8880094127714195,41.0,-540.0,18122.0,0.0,3.5762867647058827,-0.05316231709712227
2025-06-01,5192,5198,18152,12966,163.1741,-6,0.9988457098884186,0.8547008547008517,2.869582426281414,7.073623427510833,8.246563931695118,5106.0,5103.666666666667,2.333333333333333,1.0004571876428712,59338.0,59931.0,0.9901052877475763,-6.0,-0.033043286705580766,-3.1635102694051787,7.0,-593.0,18124.333333333332,0.0,3.556658611455816,-0.04282561786376338
2025-07-01,5202,5190,18164,12968,171.5555,12,1.0023121387283238,0.1926040061633216,-0.1539053482108476,7.925311203319496,7.209254286304478,5180.666666666667,5147.0,33.666666666666664,1.0065410271355484,59720.0,60280.0,0.9907100199071002,12.0,0.0661084178052107,-2.9908139286477287,101.0,-560.0,18158.0,0.0,3.5290460462405284,-0.02899728928146761
2025-08-01,5158,5184,18138,13106,169.197,-26,0.9949845679012346,-0.8458285274894228,-0.1156069364161904,7.234927234927224,5.473041709053916,5184.0,5190.666666666667,-6.666666666666667,0.9987156434626252,60068.0,60549.0,0.99205602074353,-26.0,-0.14314027747192037,-2.5833825661958243,-20.0,-481.0,18151.333333333332,0.0,3.4943488312355506,-0.08193793347033207
2025-09-01,5132,5174,18096,13055,165.667,-42,0.9918824893699264,-0.5040713454827483,-0.1929012345678993,6.938945613669523,5.098517164330696,5164.0,5182.666666666667,-18.666666666666668,0.9963982505788526,60401.0,60800.0,0.9934375,-42.0,-0.23155805491233972,-2.1573398215734008,-56.0,-399.0,18132.666666666668,0.0,3.491638795986622,-0.06501981546919389
2025-10-01,5264,5207,18153,13090,169.1163,57,1.0109468023814097,2.572096648480126,0.6378044066486233,8.805291442744934,6.221950224398198,5184.666666666667,5188.333333333333,-3.6666666666666665,0.9992932862190814,60827.0,61105.0,0.9954504541363227,57.0,0.3149867374005355,-1.508328359828548,-11.0,-278.0,18129.0,0.0,3.4988114359139098,-0.03023461032661867
2025-11-01,5288,5253,18188,13135,169.7424,35,1.0066628593184848,0.4559270516717228,0.8834261570962232,7.4141783465366595,6.228513650151668,5228.0,5211.333333333333,16.666666666666668,1.003198157861072,61192.0,61413.0,0.9964014133815315,35.0,0.19280559687104848,-1.2004997555543517,50.0,-221.0,18145.666666666668,0.0,3.490085710630677,-0.004263120604873549
2025-12-01,5293,5315,18166,13021,170.5402,-22,0.9958607714016932,0.0945537065052848,1.1802779364172844,8.020408163265301,6.920136793401732,5281.666666666667,5258.333333333333,23.33333333333333,1.0044374009508716,61585.0,61757.0,0.9972148906196868,-22.0,-0.120958873982846,-0.9379430690369728,70.0,-172.0,18169.0,0.0,3.4547068145800317,-0.036931981406590264
2026-01-01,5382,5310,18238,13009,176.7104,72,1.0135593220338983,1.6814660872850995,-0.0940733772342383,10.831960461285007,7.2077528770442045,5321.0,5292.666666666667,28.33333333333333,1.005353319057816,62111.0,62114.0,0.9999517017097594,72.0,0.39634481999339943,-0.01644646675073025,85.0,-3.0,18197.333333333332,0.0,3.445899987403955,-0.052911448509954884
2026-02-01,5348,5302,18284,13193,176.1804,46,1.008675971331573,-0.6317354143441145,-0.1506591337099849,8.544753399634676,4.969313007325282,5341.0,5309.0,32.0,1.0060275004708985,62532.0,62365.0,1.002677784013469,46.0,0.25222063822787355,0.9217861676878103,96.0,167.0,18229.333333333332,0.0,3.4439630815596156,-0.04612262907106146
2026-03-01,5406,5282,18408,13298,173.6932,124,1.0234759560772435,1.084517576664168,-0.3772161448510003,5.032057509228682,3.184215667122481,5378.666666666667,5298.0,80.66666666666667,1.0152258713980118,62791.0,62528.0,1.0042061156601843,124.0,0.6781885801793841,1.4494351060898358,242.0,263.0,18310.0,0.0,3.4745186862967157,0.01981187171668397
2026-04-01,5405,5319,18494,13382,176.6948,86,1.016168452716676,-0.0184979652238292,0.700492237788719,8.57774206508639,5.118577075098818,5386.333333333333,5301.0,85.33333333333333,1.0160975916493742,63218.0,62787.0,1.006864478315575,86.0,0.46718817905258003,2.3860931185295975,256.0,431.0,18395.333333333332,0.0,3.488775702697604,0.0428757152936492
2026-05-01,5579,5438,18635,13473,184.1891,141,1.0259286502390583,3.219241443108234,2.237262643354021,8.372183372183372,7.619236097367898,5463.333333333333,5346.333333333333,117.0,1.0218841573664192,63649.0,63172.0,1.0075508136516178,141.0,0.7624094300854312,2.626941293093954,351.0,477.0,18512.333333333332,0.0,3.485566431822433,0.04160335026281725
2026-06-01,5668,5567,18736,13989,187.5187,101,1.0181426261900486,1.595267969170111,2.372195660169174,9.167950693374417,7.098884186225463,5550.666666666667,5441.333333333333,109.33333333333331,1.0200931144327372,64125.0,63541.0,1.0091909161014148,101.0,0.5419908773812709,3.217276333186425,328.0,584.0,18621.666666666668,0.0,3.443273707424651,-0.031244978872064788
2026-07-01,5711,5570,18877,14001,190.2607,141,1.025314183123878,0.7586450247000665,0.0538889886833038,9.784698193002694,7.321772639691715,5652.666666666667,5525.0,127.66666666666669,1.023107088989442,64634.0,63921.0,1.0111543937047294,141.0,0.7525619128949668,3.92534683990311,383.0,713.0,18749.333333333332,0.0,3.4166515837104074,-0.07212411898719662
2026-08-01,5769,5625,19021,14129,190.0987,144,1.0256,1.0155839607774553,0.987432675044886,11.845676618844504,8.506944444444443,5716.0,5587.333333333333,128.66666666666666,1.023028278248419,65245.0,64362.0,1.0137192753488082,144.0,0.7628330772898151,4.868232440180842,386.0,883.0,18878.0,0.0,3.4043073618899893,-0.08125906993244358
